date,business_unit,revenue,operational_cost,orders,employees,customer_complaints,average_service_time,productivity,customer_satisfaction
2026-01-01,Unit 01,4307.3,2653.81,63,9,2,20.52,88.95,96.41
2026-01-01,Unit 02,7288.18,4067.13,135,9,3,11.96,86.86,88.47
2026-01-01,Unit 03,5075.94,3599.36,113,16,0,20.9,74.47,85.14
2026-01-01,Unit 04,3530.44,2669.52,79,12,1,9.58,72.71,95.34
2026-01-01,Unit 05,6632.83,4954.91,93,17,8,10.12,95.82,76.89
2026-01-01,Unit 06,10505.94,8289.94,166,12,5,17.81,89.73,76.1
2026-01-01,Unit 07,7587.55,4336.62,158,11,3,22.73,80.64,85.88
2026-01-02,Unit 01,4132.65,2506.73,80,13,4,19.93,89.14,76.71
2026-01-02,Unit 02,8679.77,5156.81,128,10,6,12.59,95.91,91.52
2026-01-02,Unit 03,7290.13,5521.87,147,11,0,11.89,70.9,82.57
2026-01-02,Unit 04,3025.61,2434.36,68,12,11,13.35,88.35,84.5
2026-01-02,Unit 05,3659.73,2256.55,78,15,8,17.16,90.92,85.28
2026-01-02,Unit 06,5693.17,4664.29,111,17,2,16.66,72.55,76.13
2026-01-02,Unit 07,4995.57,3815.92,79,9,6,18.14,80.77,89.3
2026-01-03,Unit 01,5881.83,4113.58,127,15,0,19.56,73.21,96.23
2026-01-03,Unit 02,10087.24,5851.8,158,12,6,10.69,70.09,92.33
2026-01-03,Unit 03,8591.75,5903.17,124,12,1,22.8,78.36,90.33
2026-01-03,Unit 04,3559.61,2690.63,85,17,8,24.21,95.83,97.04
2026-01-03,Unit 05,5755.71,3339.49,101,17,5,22.94,93.29,82.38
2026-01-03,Unit 06,6705.94,5402.82,90,8,1,20.44,92.85,98.47
2026-01-03,Unit 07,6424.16,4677.64,158,16,8,10.81,84.77,89.56
2026-01-04,Unit 01,10549.76,7881.53,178,11,3,20.12,81.17,91.12
2026-01-04,Unit 02,8755.99,5883.16,116,13,3,11.82,79.47,89.12
2026-01-04,Unit 03,6062.82,3450.76,135,11,10,9.0,71.89,75.75
2026-01-04,Unit 04,4011.45,2507.92,69,13,7,11.64,73.7,97.45
2026-01-04,Unit 05,7483.94,5701.62,133,17,6,11.24,72.71,85.35
2026-01-04,Unit 06,6273.8,4685.59,112,14,10,19.11,88.09,76.45
2026-01-04,Unit 07,11951.59,7375.77,162,13,3,17.12,73.93,79.4
2026-01-05,Unit 01,6766.02,3859.03,91,15,8,9.66,88.26,87.97
2026-01-05,Unit 02,5444.74,4242.26,71,8,2,14.91,83.48,95.75
2026-01-05,Unit 03,4216.36,3440.69,81,8,4,23.75,91.98,81.85
2026-01-05,Unit 04,9695.29,5737.62,144,16,4,11.7,71.64,92.66
2026-01-05,Unit 05,7612.39,4289.88,155,8,7,16.55,93.88,78.78
2026-01-05,Unit 06,5131.73,2917.39,70,16,1,19.48,76.59,77.88
2026-01-05,Unit 07,5555.67,3115.23,91,17,1,15.13,86.34,87.55
2026-01-06,Unit 01,5601.84,3556.21,86,12,4,14.73,88.81,82.2
2026-01-06,Unit 02,12252.43,6978.82,178,13,7,18.56,85.76,77.4
2026-01-06,Unit 03,5025.54,2943.78,87,16,5,22.97,94.62,83.87
2026-01-06,Unit 04,8412.15,6224.62,116,10,9,24.73,92.6,87.69
2026-01-06,Unit 05,7539.04,4357.33,98,16,2,12.5,94.91,92.82
2026-01-06,Unit 06,4481.83,2719.89,94,10,5,11.46,87.76,81.34
2026-01-06,Unit 07,6968.09,5424.3,92,15,1,18.78,93.22,76.06
2026-01-07,Unit 01,6460.13,5262.07,158,13,2,20.6,85.45,85.26
2026-01-07,Unit 02,2840.56,2239.61,74,8,2,17.28,93.37,88.98
2026-01-07,Unit 03,4684.53,2966.38,115,10,0,23.28,75.88,80.99
2026-01-07,Unit 04,7361.05,5805.78,105,9,6,24.56,90.99,97.22
2026-01-07,Unit 05,7193.14,5509.72,170,11,2,22.98,70.69,92.68
2026-01-07,Unit 06,12301.87,9430.66,160,13,11,21.78,77.47,93.9
2026-01-07,Unit 07,8018.73,6269.21,108,9,3,11.39,95.72,83.39
2026-01-08,Unit 01,3173.71,1911.03,88,11,5,12.74,71.94,93.56
2026-01-08,Unit 02,8225.1,6032.86,142,13,8,13.63,70.77,96.05
2026-01-08,Unit 03,5012.38,4087.89,82,12,0,9.84,82.17,92.49
2026-01-08,Unit 04,7162.13,4928.15,115,13,6,23.29,75.32,76.07
2026-01-08,Unit 05,3503.78,2690.06,60,14,10,20.23,90.77,91.1
2026-01-08,Unit 06,4387.11,3199.72,115,13,5,18.59,88.57,77.99
2026-01-08,Unit 07,6065.81,4005.05,124,12,6,19.85,85.52,79.6
2026-01-09,Unit 01,10025.24,5984.94,146,14,9,13.12,85.34,75.01
2026-01-09,Unit 02,4673.67,3302.39,86,12,10,13.48,82.37,91.22
2026-01-09,Unit 03,8486.17,6866.62,120,16,11,10.88,72.37,87.37
2026-01-09,Unit 04,3998.65,3227.07,102,17,3,19.44,76.29,79.78
2026-01-09,Unit 05,2991.16,2028.87,65,8,1,15.74,94.81,88.82
2026-01-09,Unit 06,6517.08,3844.06,123,14,11,8.09,91.03,93.48
2026-01-09,Unit 07,8606.92,5142.54,159,9,11,16.81,71.41,80.98
2026-01-10,Unit 01,4838.03,3267.87,118,9,8,24.79,86.67,97.8
2026-01-10,Unit 02,9891.19,7822.4,138,15,6,22.12,85.34,96.53
2026-01-10,Unit 03,5459.64,3367.26,117,15,10,12.71,91.77,86.63
2026-01-10,Unit 04,5205.46,3865.87,95,11,3,12.62,78.95,87.96
2026-01-10,Unit 05,3587.13,2645.03,79,10,11,11.64,81.62,82.94
2026-01-10,Unit 06,4271.62,3310.0,113,15,6,23.38,86.35,91.69
2026-01-10,Unit 07,6098.12,4906.18,108,17,4,20.81,93.9,97.88
2026-01-11,Unit 01,8785.69,6127.63,128,14,9,23.26,83.67,81.55
2026-01-11,Unit 02,3307.41,2416.38,63,15,6,20.31,93.53,97.07
2026-01-11,Unit 03,4635.33,3042.56,128,17,9,19.27,72.35,85.29
2026-01-11,Unit 04,3092.81,2017.62,83,15,3,15.73,79.45,96.11
2026-01-11,Unit 05,12137.45,8057.11,156,12,1,16.0,90.97,76.25
2026-01-11,Unit 06,5654.57,4302.75,88,13,10,8.68,70.87,80.93
2026-01-11,Unit 07,5818.15,3398.26,139,8,10,9.94,96.54,86.16
2026-01-12,Unit 01,8152.84,5817.8,158,12,11,20.21,91.78,78.93
2026-01-12,Unit 02,4455.98,3568.35,73,12,9,19.51,96.83,84.52
2026-01-12,Unit 03,4253.46,3293.26,69,11,3,9.73,91.63,95.41
2026-01-12,Unit 04,6592.94,5377.45,163,17,0,13.9,81.99,83.89
2026-01-12,Unit 05,7150.47,5572.97,142,16,7,9.79,96.9,90.25
2026-01-12,Unit 06,6282.69,3754.27,150,15,8,24.41,77.56,94.4
2026-01-12,Unit 07,9024.42,6024.75,159,16,11,18.07,79.02,80.89
2026-01-13,Unit 01,7093.97,4368.77,95,9,7,17.69,88.71,83.07
2026-01-13,Unit 02,8337.11,5682.89,168,15,5,21.56,79.53,96.13
2026-01-13,Unit 03,4644.84,3743.63,131,12,1,12.1,81.38,88.32
2026-01-13,Unit 04,8350.78,6197.93,148,11,7,21.48,72.61,80.32
2026-01-13,Unit 05,6422.94,4172.57,99,11,8,17.03,81.91,92.9
2026-01-13,Unit 06,6995.99,4359.53,105,13,4,11.92,90.2,82.57
2026-01-13,Unit 07,10371.01,6240.4,157,16,11,16.23,90.29,98.44
2026-01-14,Unit 01,6491.95,3746.78,136,16,3,13.04,80.1,82.25
2026-01-14,Unit 02,3598.14,2925.51,76,16,8,12.97,96.43,90.31
2026-01-14,Unit 03,5421.88,3822.41,73,15,7,16.14,79.54,98.17
2026-01-14,Unit 04,9604.63,7414.5,170,12,6,16.36,86.16,91.47
2026-01-14,Unit 05,5648.61,4554.27,79,10,1,24.9,73.32,93.35
2026-01-14,Unit 06,9599.33,5864.57,136,17,8,14.47,95.44,82.14
2026-01-14,Unit 07,5556.6,3987.85,114,17,9,24.32,72.78,93.31
2026-01-15,Unit 01,6018.89,3565.62,93,11,2,17.38,74.38,84.8
2026-01-15,Unit 02,5772.8,3535.83,120,17,11,12.81,94.07,76.71
2026-01-15,Unit 03,8349.08,6375.67,178,11,9,19.24,96.14,85.2
2026-01-15,Unit 04,5644.63,4489.01,88,16,2,9.21,74.65,82.38
2026-01-15,Unit 05,8493.78,4956.76,177,17,11,13.17,81.27,81.53
2026-01-15,Unit 06,6728.0,4786.77,123,16,6,20.49,86.9,75.62
2026-01-15,Unit 07,10602.25,7477.81,146,11,0,24.99,88.82,81.47
2026-01-16,Unit 01,10838.04,7337.73,157,8,10,15.52,77.79,98.93
2026-01-16,Unit 02,10101.38,8198.74,141,14,7,13.92,79.33,91.08
2026-01-16,Unit 03,5459.45,3733.05,102,10,10,24.07,92.78,88.2
2026-01-16,Unit 04,3489.88,2224.05,71,15,6,22.7,93.1,75.03
2026-01-16,Unit 05,6377.94,3830.89,119,16,5,18.58,83.96,85.61
2026-01-16,Unit 06,4043.51,2366.96,86,8,4,15.45,89.55,77.91
2026-01-16,Unit 07,7414.48,4395.02,162,17,8,8.23,81.42,80.39
2026-01-17,Unit 01,9236.51,6695.38,119,9,2,16.47,90.06,87.21
2026-01-17,Unit 02,8199.57,6679.91,113,12,3,15.77,74.05,79.57
2026-01-17,Unit 03,8572.9,5031.07,125,17,1,12.7,92.12,84.96
2026-01-17,Unit 04,6760.92,4234.82,94,16,4,22.24,86.24,90.84
2026-01-17,Unit 05,6930.63,4457.66,117,10,8,20.97,80.56,97.39
2026-01-17,Unit 06,6816.19,4453.71,149,11,6,8.74,90.85,91.93
2026-01-17,Unit 07,8663.17,6618.2,109,14,10,24.67,83.87,75.89
2026-01-18,Unit 01,6741.87,3890.72,135,16,7,9.7,95.49,75.37
2026-01-18,Unit 02,8309.5,6746.39,112,10,1,15.98,97.14,83.13
2026-01-18,Unit 03,5521.83,3526.86,143,14,10,22.61,80.64,82.6
2026-01-18,Unit 04,10148.12,7273.3,171,15,3,18.73,95.79,98.94
2026-01-18,Unit 05,9087.9,6864.09,115,9,11,22.83,82.42,91.66
2026-01-18,Unit 06,3223.8,1821.94,65,8,5,14.37,74.08,87.75
2026-01-18,Unit 07,10387.52,6189.88,147,17,1,18.36,80.71,91.4
2026-01-19,Unit 01,10778.6,6603.95,176,15,10,12.32,77.15,75.23
2026-01-19,Unit 02,8390.1,5852.78,175,15,1,15.51,79.68,89.1
2026-01-19,Unit 03,6845.65,5327.51,148,14,3,24.99,93.89,77.56
2026-01-19,Unit 04,6803.37,4285.34,133,14,11,13.02,97.38,90.8
2026-01-19,Unit 05,3688.48,2711.64,61,12,11,24.55,95.5,92.88
2026-01-19,Unit 06,11280.84,8053.48,159,12,5,11.72,75.32,81.02
2026-01-19,Unit 07,5512.13,3965.5,140,10,0,13.25,82.34,88.91
2026-01-20,Unit 01,5391.26,3440.78,71,10,6,10.99,73.7,87.95
2026-01-20,Unit 02,7312.76,4560.11,127,13,2,12.37,93.09,86.56
2026-01-20,Unit 03,11496.02,8819.09,155,12,7,24.37,73.94,98.2
2026-01-20,Unit 04,11962.68,7760.9,168,14,6,8.24,85.02,85.91
2026-01-20,Unit 05,6987.58,5047.89,134,12,5,9.84,76.55,75.6
2026-01-20,Unit 06,7694.84,4692.07,101,16,1,18.8,83.0,91.83
2026-01-20,Unit 07,3055.46,2461.14,74,14,4,24.93,73.25,80.64
2026-01-21,Unit 01,4041.66,2627.78,77,16,11,19.84,85.13,89.1
2026-01-21,Unit 02,9284.88,5354.92,173,10,7,18.47,96.29,81.71
2026-01-21,Unit 03,4780.84,3856.47,87,13,5,9.69,89.2,88.07
2026-01-21,Unit 04,3545.39,2131.66,67,13,1,24.13,93.08,77.2
2026-01-21,Unit 05,9056.36,7355.53,142,11,0,21.38,76.82,78.02
2026-01-21,Unit 06,3275.52,2478.23,86,17,3,17.97,92.77,80.59
2026-01-21,Unit 07,12083.82,6655.35,160,10,2,24.79,85.13,94.16
2026-01-22,Unit 01,10654.58,6239.18,144,9,5,21.43,76.66,82.77
2026-01-22,Unit 02,3474.29,2606.63,93,10,8,9.93,71.78,85.76
2026-01-22,Unit 03,7714.37,5184.38,125,13,3,24.07,71.21,93.8
2026-01-22,Unit 04,5449.97,4416.04,98,16,0,24.98,93.72,85.23
2026-01-22,Unit 05,8181.08,5479.38,122,9,1,13.48,74.15,78.03
2026-01-22,Unit 06,8649.14,6420.09,141,17,6,24.91,84.86,85.89
2026-01-22,Unit 07,4538.25,3355.95,115,17,10,19.07,91.53,92.3
2026-01-23,Unit 01,6361.8,3891.47,115,11,5,22.07,81.16,92.51
2026-01-23,Unit 02,5593.25,3461.21,114,13,2,19.68,83.28,77.19
2026-01-23,Unit 03,3864.85,2902.65,71,9,5,21.8,85.58,89.08
2026-01-23,Unit 04,6528.26,3805.99,131,16,5,22.85,96.35,85.15
2026-01-23,Unit 05,5953.77,3839.85,96,8,9,16.63,74.33,86.57
2026-01-23,Unit 06,7596.35,4931.86,104,9,4,17.76,92.6,95.28
2026-01-23,Unit 07,9021.61,6318.01,138,17,9,23.79,93.22,81.42
2026-01-24,Unit 01,6262.42,3966.78,94,10,5,13.97,75.08,78.44
2026-01-24,Unit 02,2814.14,2028.87,68,14,0,9.56,84.85,84.03
2026-01-24,Unit 03,4334.59,2748.75,103,15,5,21.21,85.89,77.04
2026-01-24,Unit 04,3324.59,2383.12,79,8,10,9.39,82.41,85.18
2026-01-24,Unit 05,6222.04,3784.27,116,17,8,9.93,82.04,81.8
2026-01-24,Unit 06,7162.87,4536.05,122,17,3,14.72,86.78,75.18
2026-01-24,Unit 07,6049.17,4575.13,87,12,4,13.58,70.22,92.93
2026-01-25,Unit 01,3960.31,2930.59,76,10,8,17.5,88.71,83.5
2026-01-25,Unit 02,11626.62,7764.01,170,14,7,23.66,94.14,88.82
2026-01-25,Unit 03,7428.95,4923.74,111,17,1,14.89,97.05,79.12
2026-01-25,Unit 04,8548.06,6824.24,118,17,1,15.42,72.96,85.46
2026-01-25,Unit 05,4894.47,3842.36,127,14,11,13.77,79.33,79.04
2026-01-25,Unit 06,5658.5,3891.28,141,16,5,13.97,96.83,90.49
2026-01-25,Unit 07,3566.36,2207.97,90,10,2,18.24,91.29,90.73
2026-01-26,Unit 01,9994.72,6749.11,158,10,9,20.92,82.57,97.18
2026-01-26,Unit 02,9029.56,6488.83,142,17,10,13.37,82.31,86.25
2026-01-26,Unit 03,7625.01,4309.4,161,12,8,9.26,82.93,75.9
2026-01-26,Unit 04,7954.47,5759.51,166,13,1,18.46,84.2,86.11
2026-01-26,Unit 05,10988.48,6165.38,161,16,9,19.08,79.0,86.42
2026-01-26,Unit 06,3703.33,2847.71,67,10,5,24.7,72.36,90.51
2026-01-26,Unit 07,6082.71,4973.02,91,8,8,16.89,74.44,83.95
2026-01-27,Unit 01,5820.01,3732.72,109,12,9,8.89,87.66,83.03
2026-01-27,Unit 02,4327.8,2831.99,72,13,4,20.3,88.38,96.75
2026-01-27,Unit 03,3944.09,2875.94,102,10,5,13.27,88.37,90.89
2026-01-27,Unit 04,9098.06,5212.05,136,10,8,14.4,92.17,94.52
2026-01-27,Unit 05,4549.05,3022.02,71,16,5,8.31,78.65,97.83
2026-01-27,Unit 06,8987.39,5492.79,158,13,2,10.63,78.28,93.91
2026-01-27,Unit 07,9367.77,7020.52,158,16,8,8.64,79.43,93.39
2026-01-28,Unit 01,7065.53,4195.56,136,10,11,21.11,92.65,78.97
2026-01-28,Unit 02,3476.76,2547.14,65,15,3,24.48,87.1,93.06
2026-01-28,Unit 03,5253.71,3328.52,89,15,7,23.37,75.43,91.28
2026-01-28,Unit 04,6469.97,4050.71,116,17,6,16.55,81.72,78.89
2026-01-28,Unit 05,10078.0,7918.39,162,11,0,18.9,94.48,88.31
2026-01-28,Unit 06,11032.84,8603.57,151,9,4,9.43,74.49,85.78
2026-01-28,Unit 07,5646.97,3245.67,78,16,3,21.88,94.77,97.33
2026-01-29,Unit 01,3487.47,2270.24,66,14,6,24.91,80.5,75.68
2026-01-29,Unit 02,11216.0,7184.17,167,9,2,10.34,78.03,94.91
2026-01-29,Unit 03,10479.61,7033.1,157,10,0,23.4,70.53,80.18
2026-01-29,Unit 04,10050.32,7179.93,130,10,6,9.89,78.07,82.23
2026-01-29,Unit 05,4850.29,3707.34,90,8,7,9.07,93.43,87.0
2026-01-29,Unit 06,3933.15,2773.91,62,16,11,10.44,82.02,89.76
2026-01-29,Unit 07,7148.16,5213.72,133,11,1,16.9,80.1,97.88
2026-01-30,Unit 01,8728.18,5996.77,124,16,0,14.64,83.16,90.26
2026-01-30,Unit 02,6313.89,4081.4,92,13,1,13.86,90.52,90.08
2026-01-30,Unit 03,10633.78,6231.62,154,17,5,17.28,92.78,79.2
2026-01-30,Unit 04,8423.55,5047.52,149,15,2,9.07,91.73,85.98
2026-01-30,Unit 05,3142.56,1897.66,85,12,0,13.37,78.68,84.56
2026-01-30,Unit 06,5567.89,4194.79,120,16,3,12.86,94.14,76.15
2026-01-30,Unit 07,3816.53,2478.32,94,13,6,20.64,95.05,84.28
2026-01-31,Unit 01,8135.6,5281.5,123,10,8,12.53,72.31,85.19
2026-01-31,Unit 02,10929.78,6543.91,137,14,4,13.46,72.24,90.86
2026-01-31,Unit 03,7267.8,4833.46,117,12,11,15.55,82.52,92.44
2026-01-31,Unit 04,11028.52,6883.23,138,13,0,9.28,87.85,83.72
2026-01-31,Unit 05,2609.78,1863.5,63,10,7,8.59,71.88,93.68
2026-01-31,Unit 06,5536.22,3892.82,106,13,9,10.61,82.6,83.9
2026-01-31,Unit 07,6038.2,3545.49,157,15,5,14.77,88.19,80.99
2026-02-01,Unit 01,4290.64,2937.98,63,9,6,23.53,73.3,93.6
2026-02-01,Unit 02,6945.77,4355.73,87,15,7,11.4,73.8,76.78
2026-02-01,Unit 03,11742.79,9620.41,175,10,10,24.45,97.62,91.03
2026-02-01,Unit 04,7721.7,6105.24,130,9,2,20.1,95.97,90.3
2026-02-01,Unit 05,5636.36,4599.19,125,13,2,12.02,83.83,83.66
2026-02-01,Unit 06,5995.56,4888.86,107,17,2,18.4,72.41,82.42
2026-02-01,Unit 07,6792.69,4486.89,127,15,9,9.25,97.23,90.42
2026-02-02,Unit 01,7806.98,5020.04,119,15,8,18.88,75.09,98.19
2026-02-02,Unit 02,9421.77,5322.94,124,14,1,16.81,78.52,78.89
2026-02-02,Unit 03,8074.22,5572.04,104,11,4,22.38,77.02,90.24
2026-02-02,Unit 04,3860.1,2438.67,95,16,8,9.59,87.95,89.2
2026-02-02,Unit 05,3373.62,2424.31,79,17,9,13.74,95.87,75.99
2026-02-02,Unit 06,2593.2,1875.39,70,8,9,12.5,75.9,88.73
2026-02-02,Unit 07,5127.16,4050.61,141,17,8,12.92,96.79,86.59
2026-02-03,Unit 01,5430.13,3996.17,98,14,2,15.47,83.56,79.9
2026-02-03,Unit 02,3827.16,2847.25,78,17,11,24.8,79.67,84.57
2026-02-03,Unit 03,7534.29,4793.02,125,13,7,10.08,82.59,78.38
2026-02-03,Unit 04,7521.61,5891.86,97,8,6,12.22,94.23,78.83
2026-02-03,Unit 05,10918.27,6926.91,179,13,2,16.47,84.41,86.97
2026-02-03,Unit 06,4433.28,3569.73,123,12,8,15.77,76.74,89.0
2026-02-03,Unit 07,3145.63,2237.58,66,8,10,19.43,78.0,75.2
2026-02-04,Unit 01,4718.11,2931.87,115,9,5,20.99,80.25,84.61
2026-02-04,Unit 02,5732.49,4009.13,131,17,1,14.57,82.61,88.2
2026-02-04,Unit 03,9187.05,5372.03,147,17,1,14.7,92.26,83.14
2026-02-04,Unit 04,6472.76,4612.91,156,13,6,16.5,71.27,78.29
2026-02-04,Unit 05,9123.59,6143.71,162,13,9,23.18,73.91,97.35
2026-02-04,Unit 06,4214.64,3019.6,80,13,4,18.09,84.2,87.23
2026-02-04,Unit 07,9049.74,6137.72,150,15,0,14.26,88.87,98.52
2026-02-05,Unit 01,7014.54,5231.71,99,17,11,18.7,86.71,81.37
2026-02-05,Unit 02,6016.85,3392.69,133,17,7,10.9,87.61,89.87
2026-02-05,Unit 03,5614.03,3454.84,78,14,9,24.12,73.08,75.45
2026-02-05,Unit 04,4725.03,3479.68,113,13,6,16.53,87.12,86.32
2026-02-05,Unit 05,6182.06,3746.22,150,8,5,24.97,83.39,84.04
2026-02-05,Unit 06,8973.38,5764.75,118,10,5,19.49,94.29,91.34
2026-02-05,Unit 07,7836.76,6335.87,138,12,4,17.49,76.3,98.35
2026-02-06,Unit 01,7584.82,4596.14,158,12,11,16.31,83.43,88.45
2026-02-06,Unit 02,3886.5,2847.59,96,12,6,23.23,81.05,83.28
2026-02-06,Unit 03,3578.62,2891.29,97,10,1,13.89,82.39,81.15
2026-02-06,Unit 04,3836.1,2667.68,87,15,8,19.83,73.84,89.78
2026-02-06,Unit 05,4131.96,3019.86,90,17,8,11.84,76.52,77.4
2026-02-06,Unit 06,8494.98,6234.65,151,13,2,8.09,85.41,97.3
2026-02-06,Unit 07,11021.93,8676.11,143,14,7,19.06,91.17,81.89
2026-02-07,Unit 01,5348.05,4051.45,142,12,10,17.76,84.98,92.35
2026-02-07,Unit 02,13458.05,8920.38,176,8,2,23.88,71.02,95.07
2026-02-07,Unit 03,6403.23,5185.18,83,15,4,22.9,70.26,88.63
2026-02-07,Unit 04,14103.78,8840.7,178,9,10,17.24,83.83,97.53
2026-02-07,Unit 05,5626.04,4322.94,119,16,5,10.76,82.85,81.17
2026-02-07,Unit 06,4157.02,3173.91,61,10,9,19.46,75.41,89.66
2026-02-07,Unit 07,8950.7,5715.38,165,14,6,19.38,75.17,78.37
2026-02-08,Unit 01,8263.02,5126.48,179,13,3,15.59,77.48,82.91
2026-02-08,Unit 02,9238.48,5733.58,152,17,5,19.78,71.74,77.84
2026-02-08,Unit 03,4259.5,2920.66,80,12,11,21.09,89.33,90.33
2026-02-08,Unit 04,6704.42,4084.1,107,12,2,16.13,82.74,98.73
2026-02-08,Unit 05,7524.37,5992.82,113,13,8,21.63,93.12,93.28
2026-02-08,Unit 06,12043.82,8332.96,171,17,8,19.96,72.19,88.54
2026-02-08,Unit 07,9900.94,6796.81,166,8,9,17.12,74.61,95.51
2026-02-09,Unit 01,4855.38,3610.31,74,15,7,9.55,84.29,94.41
2026-02-09,Unit 02,4415.31,2972.98,76,15,0,17.5,88.84,82.4
2026-02-09,Unit 03,5109.56,2814.42,110,8,3,17.83,71.27,83.27
2026-02-09,Unit 04,10285.89,8252.75,129,9,1,24.76,83.22,81.89
2026-02-09,Unit 05,6492.9,4695.74,158,10,11,18.98,81.77,98.83
2026-02-09,Unit 06,8673.55,6893.97,117,14,6,9.36,97.0,95.99
2026-02-09,Unit 07,10540.94,6135.16,143,10,8,14.68,73.57,98.49
2026-02-10,Unit 01,5619.6,3543.49,156,8,10,20.22,81.88,84.1
2026-02-10,Unit 02,5071.26,3001.59,91,11,3,23.94,90.3,77.71
2026-02-10,Unit 03,9587.19,7560.6,138,14,0,12.09,71.88,89.25
2026-02-10,Unit 04,8872.78,6969.55,136,15,3,20.59,81.26,80.62
2026-02-10,Unit 05,11523.39,6513.48,156,11,8,24.89,76.56,96.99
2026-02-10,Unit 06,6098.64,4626.34,100,17,5,12.03,94.54,98.66
2026-02-10,Unit 07,4717.7,2945.22,88,16,8,24.12,94.63,96.88
2026-02-11,Unit 01,7506.68,6099.32,131,14,10,19.41,92.0,82.65
2026-02-11,Unit 02,4672.06,3044.52,112,14,8,16.05,93.78,82.22
2026-02-11,Unit 03,9101.29,5147.31,163,10,6,24.45,85.6,78.22
2026-02-11,Unit 04,4061.81,2943.23,92,11,7,22.4,72.59,92.39
2026-02-11,Unit 05,3107.33,2274.23,66,11,9,8.67,72.04,94.31
2026-02-11,Unit 06,9912.72,6032.83,152,17,3,22.78,79.32,97.97
2026-02-11,Unit 07,6713.98,5436.72,87,8,1,20.7,91.12,96.95
2026-02-12,Unit 01,6630.46,5285.04,150,17,8,13.47,77.93,86.19
2026-02-12,Unit 02,4630.26,3187.75,99,13,7,15.92,92.48,92.34
2026-02-12,Unit 03,7812.91,4957.21,177,13,0,17.56,76.2,78.5
2026-02-12,Unit 04,10018.34,7076.64,130,12,6,13.02,75.49,80.52
2026-02-12,Unit 05,7645.6,5341.78,166,17,10,13.74,91.37,86.73
2026-02-12,Unit 06,5023.32,3841.05,118,15,2,10.38,85.3,79.42
2026-02-12,Unit 07,11086.74,7666.1,142,16,1,24.07,88.71,93.34
2026-02-13,Unit 01,5614.42,3438.76,77,14,11,10.57,76.12,85.94
2026-02-13,Unit 02,8853.99,7102.27,139,8,7,19.21,70.44,87.77
2026-02-13,Unit 03,2180.91,1624.76,61,14,8,24.62,70.48,94.52
2026-02-13,Unit 04,12597.79,7538.54,163,14,1,16.91,76.75,89.87
2026-02-13,Unit 05,8355.78,6389.1,164,12,1,14.34,81.37,88.56
2026-02-13,Unit 06,6446.62,5021.43,98,11,10,24.86,88.2,75.76
2026-02-13,Unit 07,5613.04,3808.57,108,14,10,8.16,74.8,87.0
2026-02-14,Unit 01,9982.16,7015.28,142,14,1,23.21,95.74,80.51
2026-02-14,Unit 02,5663.91,4528.43,120,17,10,23.73,95.18,88.52
2026-02-14,Unit 03,6297.15,3998.13,82,8,3,17.98,91.06,92.11
2026-02-14,Unit 04,6846.27,4065.74,178,14,3,17.63,93.78,91.25
2026-02-14,Unit 05,5331.85,3997.46,102,16,11,20.31,84.02,98.38
2026-02-14,Unit 06,3936.17,3056.21,72,8,5,18.29,87.19,89.29
2026-02-14,Unit 07,4002.74,3048.32,63,13,7,16.34,79.96,97.59
2026-02-15,Unit 01,5443.66,3965.06,83,14,1,21.13,78.27,80.91
2026-02-15,Unit 02,3294.11,2149.74,70,9,10,10.62,80.91,83.66
2026-02-15,Unit 03,4645.99,3113.18,60,9,4,9.74,72.44,85.34
2026-02-15,Unit 04,7605.84,4395.33,131,16,1,14.02,72.61,89.35
2026-02-15,Unit 05,8897.07,5594.47,170,13,6,21.25,90.3,88.43
2026-02-15,Unit 06,7773.81,5714.03,133,11,2,10.36,78.43,86.83
2026-02-15,Unit 07,4419.4,2933.14,81,9,7,21.31,80.11,97.66
2026-02-16,Unit 01,8534.01,5748.7,136,15,2,13.18,96.57,82.97
2026-02-16,Unit 02,7687.81,4912.33,108,17,5,15.32,93.06,90.62
2026-02-16,Unit 03,3736.01,2663.28,77,17,11,11.41,78.8,98.15
2026-02-16,Unit 04,6602.73,4759.8,97,13,9,21.29,79.12,81.73
2026-02-16,Unit 05,4253.24,2986.8,106,14,9,24.95,75.04,93.42
2026-02-16,Unit 06,8533.27,6325.36,153,8,7,21.56,93.28,76.66
2026-02-16,Unit 07,8390.42,6049.5,146,14,3,12.3,74.32,85.16
2026-02-17,Unit 01,3809.35,2710.13,69,14,9,14.81,84.19,97.09
2026-02-17,Unit 02,4728.42,3837.0,129,14,11,23.22,85.03,90.32
2026-02-17,Unit 03,5081.01,3696.7,73,9,5,10.83,87.15,88.52
2026-02-17,Unit 04,7787.81,5957.54,156,14,1,8.18,77.24,87.26
2026-02-17,Unit 05,8007.16,5647.56,131,16,7,14.36,82.97,91.31
2026-02-17,Unit 06,3991.36,2221.72,79,16,1,13.02,95.78,77.06
2026-02-17,Unit 07,5099.65,3431.76,104,10,3,16.86,79.75,77.34
2026-02-18,Unit 01,3802.28,2137.13,100,15,11,9.96,93.78,90.55
2026-02-18,Unit 02,14190.32,8739.2,179,10,2,17.38,79.27,85.23
2026-02-18,Unit 03,6310.01,4543.43,89,15,2,18.89,82.1,75.7
2026-02-18,Unit 04,7591.17,5388.93,173,17,6,8.08,76.01,81.68
2026-02-18,Unit 05,5263.99,4134.52,133,9,2,14.22,75.52,77.73
2026-02-18,Unit 06,9965.21,6324.11,127,15,6,18.39,86.44,83.35
2026-02-18,Unit 07,5944.16,4350.35,139,15,4,23.62,86.52,91.13
2026-02-19,Unit 01,3430.18,1994.91,75,13,5,19.79,84.3,85.04
2026-02-19,Unit 02,6951.5,4171.97,133,10,10,17.14,95.74,97.34
2026-02-19,Unit 03,5568.67,3497.04,131,10,2,13.35,82.63,76.29
2026-02-19,Unit 04,3465.25,2088.45,61,13,6,24.39,84.15,86.88
2026-02-19,Unit 05,7566.07,5068.06,113,15,2,9.41,70.86,93.27
2026-02-19,Unit 06,3031.58,2107.41,64,12,2,21.27,85.84,93.54
2026-02-19,Unit 07,7538.21,5311.67,130,15,4,21.18,93.05,83.8
2026-02-20,Unit 01,10574.6,7375.94,157,8,6,9.74,93.24,93.03
2026-02-20,Unit 02,13674.71,9181.58,171,12,5,22.66,72.44,95.77
2026-02-20,Unit 03,11374.07,6900.27,159,9,11,17.99,79.82,92.06
2026-02-20,Unit 04,5080.87,3871.16,81,14,3,21.69,85.96,87.77
2026-02-20,Unit 05,5449.85,4437.98,128,17,4,12.92,77.49,95.59
2026-02-20,Unit 06,6031.0,4596.45,77,9,0,24.87,94.28,78.05
2026-02-20,Unit 07,3783.87,2410.19,91,10,3,20.95,88.93,86.75
2026-02-21,Unit 01,6592.92,4363.46,140,17,7,9.28,92.25,93.45
2026-02-21,Unit 02,8592.64,6337.67,125,14,5,15.73,83.67,88.97
2026-02-21,Unit 03,12048.25,8691.69,153,9,11,14.09,71.77,87.83
2026-02-21,Unit 04,8221.47,5619.97,114,11,5,22.08,79.46,88.87
2026-02-21,Unit 05,9605.99,6174.83,169,17,10,20.96,71.29,90.03
2026-02-21,Unit 06,2516.62,1966.91,62,15,7,15.76,97.77,85.27
2026-02-21,Unit 07,11050.98,6552.39,172,10,4,9.59,80.09,76.98
2026-02-22,Unit 01,3487.13,2205.57,66,10,11,20.84,82.02,77.19
2026-02-22,Unit 02,2676.24,1528.25,60,9,9,11.85,89.04,75.22
2026-02-22,Unit 03,6629.98,5186.58,164,13,11,10.25,71.98,84.19
2026-02-22,Unit 04,3584.36,2824.0,73,9,2,14.51,92.77,95.99
2026-02-22,Unit 05,4003.36,2211.01,68,10,10,10.79,79.83,80.11
2026-02-22,Unit 06,9474.27,6967.12,177,10,3,9.47,72.81,93.06
2026-02-22,Unit 07,7999.06,6479.86,153,17,5,21.45,76.94,90.47
2026-02-23,Unit 01,8065.84,6006.78,130,11,4,21.24,89.33,95.35
2026-02-23,Unit 02,5013.69,3447.27,86,12,11,14.66,88.09,93.81
2026-02-23,Unit 03,6440.88,3961.73,123,11,10,18.1,84.79,98.46
2026-02-23,Unit 04,8814.19,5768.41,179,13,9,15.15,85.3,79.15
2026-02-23,Unit 05,6048.97,4286.23,158,15,0,12.46,71.12,76.45
2026-02-23,Unit 06,5938.6,4408.88,124,14,6,15.2,81.26,90.37
2026-02-23,Unit 07,5778.15,3308.4,138,16,1,16.69,75.69,94.39
2026-02-24,Unit 01,5310.87,3830.52,101,16,10,19.58,71.85,91.77
2026-02-24,Unit 02,3082.11,2464.6,67,11,1,15.71,87.05,82.42
2026-02-24,Unit 03,2667.74,1566.09,75,10,0,10.79,96.68,87.55
2026-02-24,Unit 04,4190.46,3153.07,81,12,4,20.46,73.31,96.6
2026-02-24,Unit 05,8854.1,6122.08,163,13,4,20.11,86.15,76.85
2026-02-24,Unit 06,6400.7,4383.8,125,15,9,10.84,74.4,93.56
2026-02-24,Unit 07,9858.65,6030.23,146,17,8,8.04,94.04,75.29
2026-02-25,Unit 01,6165.47,4922.89,120,8,2,23.83,94.01,88.27
2026-02-25,Unit 02,4354.34,2884.27,88,14,11,13.44,93.13,88.72
2026-02-25,Unit 03,8097.16,4568.59,124,9,3,21.67,97.48,97.9
2026-02-25,Unit 04,9619.83,6024.16,172,9,4,13.56,85.49,75.19
2026-02-25,Unit 05,5856.02,3701.33,97,11,9,12.12,80.31,98.32
2026-02-25,Unit 06,11554.55,8727.5,153,11,3,10.56,96.11,75.57
2026-02-25,Unit 07,6616.21,4877.7,104,16,0,24.17,70.04,90.78
2026-02-26,Unit 01,3229.06,2633.11,73,12,6,16.36,71.68,98.93
2026-02-26,Unit 02,2625.26,1607.97,71,12,8,15.02,95.08,86.0
2026-02-26,Unit 03,5266.33,3086.33,134,9,6,9.27,85.9,85.44
2026-02-26,Unit 04,4331.29,3377.31,90,10,6,19.91,90.59,82.63
2026-02-26,Unit 05,3414.12,2064.63,89,12,9,9.85,72.96,85.79
2026-02-26,Unit 06,4528.51,2928.76,112,13,3,15.68,82.97,95.46
2026-02-26,Unit 07,5707.35,3607.83,80,9,11,19.85,71.13,95.06
2026-02-27,Unit 01,3050.16,1882.01,78,13,5,14.74,71.37,82.17
2026-02-27,Unit 02,4904.19,3828.91,63,10,8,20.72,77.0,86.09
2026-02-27,Unit 03,2665.35,2063.52,75,10,3,10.22,93.06,83.93
2026-02-27,Unit 04,8224.3,6560.57,134,9,1,8.37,71.81,96.66
2026-02-27,Unit 05,6649.69,5282.32,163,15,5,10.08,96.38,76.22
2026-02-27,Unit 06,8277.22,5435.23,115,17,0,14.51,81.95,83.49
2026-02-27,Unit 07,4521.38,3565.22,95,10,0,18.44,87.28,90.53
2026-02-28,Unit 01,8369.2,5685.52,112,15,1,12.76,73.84,79.79
2026-02-28,Unit 02,5767.94,4421.62,91,16,0,24.82,91.89,83.62
2026-02-28,Unit 03,9089.69,7239.24,160,16,8,13.47,77.57,75.63
2026-02-28,Unit 04,3196.04,2457.39,88,17,4,9.0,97.76,87.71
2026-02-28,Unit 05,7015.79,4048.36,89,17,10,12.1,84.94,93.99
2026-02-28,Unit 06,12534.51,7636.54,157,8,6,14.03,93.5,95.29
2026-02-28,Unit 07,5549.7,4260.38,90,10,11,14.1,86.56,91.88
2026-03-01,Unit 01,7967.82,5593.73,132,13,3,22.22,92.69,98.29
2026-03-01,Unit 02,4247.11,2379.44,99,16,0,11.95,76.13,87.63
2026-03-01,Unit 03,7783.14,4704.1,102,8,2,13.79,74.97,94.26
2026-03-01,Unit 04,2411.07,1707.96,67,13,2,21.16,93.7,95.66
2026-03-01,Unit 05,7137.35,5201.54,107,9,9,9.72,78.45,78.27
2026-03-01,Unit 06,11886.75,9079.07,153,10,7,19.04,74.88,98.25
2026-03-01,Unit 07,8169.14,5960.97,160,17,2,14.43,90.55,82.07
2026-03-02,Unit 01,5367.38,3969.4,153,10,9,14.66,97.84,98.16
2026-03-02,Unit 02,5154.92,4117.13,83,8,9,11.76,85.84,97.48
2026-03-02,Unit 03,6991.13,4294.36,102,10,5,10.85,94.79,77.13
2026-03-02,Unit 04,4155.0,2520.48,117,13,11,9.15,77.19,77.59
2026-03-02,Unit 05,3456.23,2584.56,66,8,2,23.04,83.81,84.09
2026-03-02,Unit 06,4272.94,2903.3,108,16,9,19.07,89.24,78.9
2026-03-02,Unit 07,11835.61,7452.0,162,9,5,12.44,72.93,83.2
2026-03-03,Unit 01,5435.15,3792.12,80,14,1,13.75,97.59,96.44
2026-03-03,Unit 02,8902.14,5292.76,115,8,6,10.67,72.84,79.93
2026-03-03,Unit 03,7433.87,5537.86,112,11,11,17.18,88.5,82.14
2026-03-03,Unit 04,3476.92,2428.31,66,9,7,10.61,80.1,85.26
2026-03-03,Unit 05,10690.5,7612.26,165,12,3,9.65,75.79,90.32
2026-03-03,Unit 06,8756.35,5545.01,120,9,6,16.01,95.06,81.36
2026-03-03,Unit 07,4721.84,3725.93,109,16,5,11.17,71.25,85.55
2026-03-04,Unit 01,6394.83,4491.39,88,12,2,20.79,88.69,77.06
2026-03-04,Unit 02,9676.53,7858.22,163,13,9,11.87,71.71,84.29
2026-03-04,Unit 03,8865.22,6520.44,113,16,7,17.74,76.6,82.17
2026-03-04,Unit 04,12849.78,7187.87,175,14,9,23.31,92.41,91.26
2026-03-04,Unit 05,3152.19,2378.14,78,17,2,24.13,74.68,80.09
2026-03-04,Unit 06,2805.95,1602.65,76,11,10,15.4,97.92,90.05
2026-03-04,Unit 07,4593.15,3427.95,93,17,1,9.48,85.58,88.25
2026-03-05,Unit 01,7007.75,5506.94,126,12,11,18.59,84.63,85.07
2026-03-05,Unit 02,3291.85,2333.07,79,14,1,23.72,85.76,77.42
2026-03-05,Unit 03,10106.7,6497.04,171,12,6,12.49,88.33,88.73
2026-03-05,Unit 04,2735.94,1802.44,64,15,9,18.35,89.42,75.93
2026-03-05,Unit 05,6762.28,5080.85,148,13,4,23.25,70.57,94.62
2026-03-05,Unit 06,4713.94,3218.39,99,12,11,19.64,97.23,80.47
2026-03-05,Unit 07,8515.7,6582.4,155,12,4,20.39,86.94,77.14
2026-03-06,Unit 01,6621.09,4369.5,87,15,7,20.91,94.28,94.7
2026-03-06,Unit 02,6786.76,4302.82,161,16,8,14.86,91.85,87.58
2026-03-06,Unit 03,2697.55,2121.08,63,17,3,22.23,76.99,85.95
2026-03-06,Unit 04,6593.99,4282.5,150,13,7,16.59,87.79,77.97
2026-03-06,Unit 05,4658.49,3309.35,90,8,2,24.33,83.29,88.23
2026-03-06,Unit 06,5815.55,3604.7,80,13,11,9.54,70.77,76.19
2026-03-06,Unit 07,12468.99,9743.51,159,17,10,11.83,75.79,90.64
2026-03-07,Unit 01,4582.32,3716.84,62,16,10,8.15,95.52,90.54
2026-03-07,Unit 02,5731.7,3543.02,162,17,4,20.12,89.86,81.61
2026-03-07,Unit 03,8566.93,5294.7,169,14,7,13.14,84.58,89.97
2026-03-07,Unit 04,2579.14,2114.49,73,17,5,17.54,86.63,81.78
2026-03-07,Unit 05,4582.59,3743.33,121,9,10,13.53,77.75,90.75
2026-03-07,Unit 06,3506.73,2653.47,84,12,0,21.69,92.47,89.4
2026-03-07,Unit 07,6070.63,3380.57,147,13,7,24.96,77.26,85.05
2026-03-08,Unit 01,5634.76,4176.36,154,14,9,21.87,79.61,92.12
2026-03-08,Unit 02,9915.17,7880.2,141,16,10,14.09,78.41,79.08
2026-03-08,Unit 03,4002.28,2709.99,83,16,11,12.4,92.63,93.31
2026-03-08,Unit 04,11095.8,8063.29,147,10,3,14.04,90.84,82.37
2026-03-08,Unit 05,4999.59,3146.71,107,13,1,16.0,94.26,89.01
2026-03-08,Unit 06,3881.24,2338.55,69,17,1,22.75,80.69,82.16
2026-03-08,Unit 07,12558.38,7372.88,171,8,3,13.83,97.64,96.43
2026-03-09,Unit 01,3840.51,2854.38,78,15,1,16.29,87.67,79.24
2026-03-09,Unit 02,3320.54,2014.02,60,8,2,17.8,74.44,93.85
2026-03-09,Unit 03,4761.52,3433.25,76,9,6,15.29,83.37,75.11
2026-03-09,Unit 04,5769.77,4653.43,85,16,5,20.87,84.87,75.43
2026-03-09,Unit 05,9521.7,5818.63,140,8,5,13.31,72.88,87.08
2026-03-09,Unit 06,3072.97,1728.07,81,12,4,15.75,84.57,87.58
2026-03-09,Unit 07,11401.58,6682.73,173,14,7,14.11,75.28,97.75
2026-03-10,Unit 01,2807.29,2095.18,62,14,2,11.59,70.61,87.11
2026-03-10,Unit 02,7102.0,5425.03,106,9,6,22.9,77.16,87.83
2026-03-10,Unit 03,10847.44,7904.88,136,8,10,22.21,71.35,77.78
2026-03-10,Unit 04,4380.67,2708.3,108,15,11,10.6,89.47,90.13
2026-03-10,Unit 05,7319.56,5335.01,113,12,4,18.59,89.62,85.05
2026-03-10,Unit 06,8418.06,4897.53,125,9,1,21.34,83.94,89.62
2026-03-10,Unit 07,9717.9,5874.0,166,12,11,14.97,74.49,88.16
2026-03-11,Unit 01,11394.61,7284.15,148,11,0,8.22,72.49,77.65
2026-03-11,Unit 02,8299.03,6691.93,145,17,8,9.28,90.26,96.71
2026-03-11,Unit 03,9379.82,5908.59,118,11,7,8.85,92.77,95.98
2026-03-11,Unit 04,7533.61,4779.56,106,12,11,9.97,93.83,96.37
2026-03-11,Unit 05,6967.49,5049.64,169,8,5,14.08,82.26,89.92
2026-03-11,Unit 06,7669.05,4596.64,107,9,6,14.8,82.78,95.06
2026-03-11,Unit 07,8744.48,6901.61,162,15,2,9.92,89.49,76.41
2026-03-12,Unit 01,3921.65,2782.42,73,10,9,19.53,75.08,84.11
2026-03-12,Unit 02,5008.95,3680.6,138,13,11,24.55,73.66,97.09
2026-03-12,Unit 03,9256.85,5206.17,173,9,4,19.13,70.35,95.84
2026-03-12,Unit 04,10817.17,8063.32,158,16,3,24.62,88.76,83.12
2026-03-12,Unit 05,9845.86,5668.42,148,16,10,20.35,83.49,90.93
2026-03-12,Unit 06,5747.76,4027.76,79,14,9,8.93,88.02,78.77
2026-03-12,Unit 07,9685.82,5759.76,169,15,7,13.45,79.27,81.68
2026-03-13,Unit 01,5259.96,3430.72,88,16,3,9.34,82.44,88.75
2026-03-13,Unit 02,9705.76,6166.42,169,9,7,20.67,70.5,84.68
2026-03-13,Unit 03,7821.94,6046.32,131,8,9,24.37,87.85,96.36
2026-03-13,Unit 04,5543.29,3731.61,86,16,5,14.18,71.52,80.35
2026-03-13,Unit 05,6141.09,4405.22,102,15,7,20.18,80.17,85.86
2026-03-13,Unit 06,10150.2,5588.63,157,9,5,22.11,97.0,82.01
2026-03-13,Unit 07,7125.59,4007.15,107,16,2,16.37,93.01,92.82
2026-03-14,Unit 01,3390.34,2044.03,73,14,1,23.81,81.0,85.97
2026-03-14,Unit 02,7581.26,5719.53,151,11,0,23.75,93.45,89.13
2026-03-14,Unit 03,7626.41,6163.44,118,15,2,24.39,70.12,92.67
2026-03-14,Unit 04,9751.29,6903.74,179,16,8,21.28,95.49,91.6
2026-03-14,Unit 05,10967.96,6339.04,153,10,10,18.21,94.72,87.1
2026-03-14,Unit 06,8935.76,7124.44,113,14,3,12.65,96.98,98.29
2026-03-14,Unit 07,6683.28,4420.6,163,15,11,23.07,84.34,95.23
2026-03-15,Unit 01,8351.42,6254.72,170,16,8,18.75,75.62,89.98
2026-03-15,Unit 02,7429.12,5434.7,147,12,11,19.05,96.83,87.09
2026-03-15,Unit 03,6028.99,3889.32,150,13,7,17.91,96.39,92.04
2026-03-15,Unit 04,7150.7,4748.38,96,16,0,16.89,70.71,78.49
2026-03-15,Unit 05,3996.19,3045.47,85,8,4,19.62,74.1,76.49
2026-03-15,Unit 06,5926.41,3311.22,86,12,7,9.74,94.3,92.75
2026-03-15,Unit 07,9938.66,6509.82,155,11,8,21.33,92.37,81.9
2026-03-16,Unit 01,9286.48,6152.04,178,8,10,13.32,85.46,75.31
2026-03-16,Unit 02,5348.65,4069.52,85,12,7,22.11,95.52,91.91
2026-03-16,Unit 03,9590.47,7186.92,156,13,3,21.19,97.0,82.06
2026-03-16,Unit 04,5637.61,4565.72,147,10,11,16.74,80.56,85.28
2026-03-16,Unit 05,3799.33,2688.69,93,16,4,8.1,83.06,97.5
2026-03-16,Unit 06,6066.27,4314.08,79,8,10,18.47,88.53,86.77
2026-03-16,Unit 07,6644.8,5061.27,130,17,5,16.93,96.8,87.49
2026-03-17,Unit 01,4297.35,2986.66,80,16,1,13.94,94.74,90.92
2026-03-17,Unit 02,5110.35,4121.92,106,13,9,17.02,97.91,94.77
2026-03-17,Unit 03,4817.57,3229.36,74,8,10,18.43,87.39,98.01
2026-03-17,Unit 04,8231.43,6627.51,108,13,6,12.36,90.27,75.59
2026-03-17,Unit 05,11495.92,7919.12,165,16,8,15.57,71.23,96.56
2026-03-17,Unit 06,5870.65,4731.85,101,11,2,24.52,91.65,87.8
2026-03-17,Unit 07,5604.2,4252.84,86,9,10,15.21,72.91,87.91
2026-03-18,Unit 01,10189.06,5802.39,142,14,10,10.61,82.86,82.96
2026-03-18,Unit 02,2583.5,1974.93,69,9,8,9.2,93.01,96.86
2026-03-18,Unit 03,6027.77,3973.51,109,14,5,8.29,88.85,87.84
2026-03-18,Unit 04,4693.24,3323.35,68,17,11,22.42,80.02,87.07
2026-03-18,Unit 05,10538.33,7521.97,160,12,4,21.01,82.25,84.48
2026-03-18,Unit 06,5044.15,3073.72,120,8,11,14.65,92.33,88.1
2026-03-18,Unit 07,6416.84,5113.11,98,10,11,19.01,96.81,75.27
2026-03-19,Unit 01,3162.56,1743.7,78,16,9,14.7,85.33,77.04
2026-03-19,Unit 02,10596.48,7905.0,155,11,3,15.02,88.09,87.3
2026-03-19,Unit 03,3729.64,2891.9,83,10,3,9.95,88.79,88.62
2026-03-19,Unit 04,11557.88,9446.49,168,8,8,15.84,85.39,81.98
2026-03-19,Unit 05,3626.56,2705.08,92,9,7,24.18,80.0,91.11
2026-03-19,Unit 06,3443.84,1959.03,72,11,3,13.4,82.62,89.79
2026-03-19,Unit 07,9070.57,6373.88,148,12,5,21.73,96.84,79.05
2026-03-20,Unit 01,6402.28,4752.37,91,13,10,15.41,93.52,78.22
2026-03-20,Unit 02,9734.84,6524.75,172,13,4,16.28,73.05,90.49
2026-03-20,Unit 03,7953.83,6149.42,167,9,8,11.34,90.54,90.04
2026-03-20,Unit 04,6235.88,4283.66,174,9,0,21.81,86.21,93.46
2026-03-20,Unit 05,6450.32,4001.56,176,11,8,16.03,91.71,83.78
2026-03-20,Unit 06,12135.89,9077.3,174,11,4,10.28,84.03,77.17
2026-03-20,Unit 07,4399.1,2703.24,124,13,9,19.63,91.2,78.37
2026-03-21,Unit 01,4959.86,3485.64,82,10,2,20.51,83.54,83.61
2026-03-21,Unit 02,8940.19,5068.84,157,11,5,11.98,88.72,87.43
2026-03-21,Unit 03,6118.75,4116.41,109,13,0,8.68,88.16,77.48
2026-03-21,Unit 04,10199.11,7908.55,141,16,4,17.84,85.96,84.04
2026-03-21,Unit 05,6513.23,5161.87,106,14,1,16.78,80.54,96.77
2026-03-21,Unit 06,5647.73,4429.42,111,16,7,21.48,94.84,75.16
2026-03-21,Unit 07,4924.46,2810.95,116,10,10,12.77,74.21,78.78
2026-03-22,Unit 01,10836.21,7894.17,151,17,6,21.79,90.17,86.56
2026-03-22,Unit 02,5382.28,3194.58,121,15,6,8.38,71.21,88.76
2026-03-22,Unit 03,4876.36,2733.6,77,10,9,10.5,74.66,97.14
2026-03-22,Unit 04,6878.79,4830.1,111,16,0,22.93,90.38,94.71
2026-03-22,Unit 05,4803.63,3929.61,87,9,7,10.9,93.25,89.42
2026-03-22,Unit 06,11473.61,8241.12,165,17,8,12.5,90.28,83.22
2026-03-22,Unit 07,8374.45,5125.58,136,15,6,10.25,70.46,87.55
2026-03-23,Unit 01,7921.94,4676.97,147,16,1,11.02,95.25,89.4
2026-03-23,Unit 02,8538.3,4910.9,124,16,10,10.22,86.9,94.86
2026-03-23,Unit 03,6795.28,5342.47,126,14,11,17.01,76.43,94.26
2026-03-23,Unit 04,6396.75,4798.69,104,14,11,17.79,81.91,81.11
2026-03-23,Unit 05,12963.7,8121.53,176,11,8,14.95,75.29,92.02
2026-03-23,Unit 06,7782.41,5372.47,133,8,6,19.13,89.26,82.58
2026-03-23,Unit 07,3063.45,2223.83,73,13,4,12.44,85.01,88.55
2026-03-24,Unit 01,7564.94,4972.53,95,17,3,15.02,91.95,86.58
2026-03-24,Unit 02,7856.2,4859.22,131,13,4,17.82,91.68,84.56
2026-03-24,Unit 03,12484.43,7267.85,169,10,3,15.59,89.58,78.88
2026-03-24,Unit 04,6628.16,4251.15,125,11,8,18.44,89.17,76.25
2026-03-24,Unit 05,4968.57,2854.91,141,14,2,16.02,86.81,77.12
2026-03-24,Unit 06,4548.51,3249.63,88,12,11,14.53,97.56,89.74
2026-03-24,Unit 07,6434.14,4576.71,96,16,2,18.88,82.29,79.84
2026-03-25,Unit 01,4201.3,3200.0,96,16,8,16.77,76.49,79.07
2026-03-25,Unit 02,4851.25,2668.57,106,8,2,9.48,77.73,84.59
2026-03-25,Unit 03,6812.47,4699.18,111,14,11,19.96,95.74,88.19
2026-03-25,Unit 04,10838.06,6977.74,177,16,4,11.85,96.97,85.91
2026-03-25,Unit 05,4682.84,2796.87,133,14,8,9.81,72.03,82.06
2026-03-25,Unit 06,9411.86,5831.37,162,9,8,21.82,86.1,91.66
2026-03-25,Unit 07,7492.76,4613.17,132,14,5,24.34,82.85,86.06
2026-03-26,Unit 01,6159.23,3580.93,170,17,1,14.51,92.08,80.29
2026-03-26,Unit 02,7971.68,6440.88,162,11,8,17.11,89.62,81.32
2026-03-26,Unit 03,3759.58,2827.86,71,12,5,9.29,96.08,86.44
2026-03-26,Unit 04,6546.25,4076.02,87,13,11,19.61,95.48,86.98
2026-03-26,Unit 05,6128.49,4814.79,90,11,3,11.9,93.38,95.07
2026-03-26,Unit 06,5534.13,3222.89,79,13,1,19.49,88.58,89.73
2026-03-26,Unit 07,4755.43,3092.09,65,16,5,16.37,97.59,96.53
2026-03-27,Unit 01,5273.97,3988.97,122,12,8,12.76,76.22,88.84
2026-03-27,Unit 02,9012.83,6121.03,127,8,8,8.55,79.72,95.65
2026-03-27,Unit 03,9315.25,6879.56,118,10,7,13.37,70.24,91.18
2026-03-27,Unit 04,5297.51,3430.84,134,14,4,11.18,77.36,81.47
2026-03-27,Unit 05,5301.06,3629.46,103,17,3,15.12,91.06,83.76
2026-03-27,Unit 06,5251.87,3698.79,95,14,9,19.66,92.8,92.3
2026-03-27,Unit 07,7132.93,4656.65,131,11,2,21.6,90.68,86.35
2026-03-28,Unit 01,4425.41,2594.65,82,8,10,16.79,90.18,93.85
2026-03-28,Unit 02,5547.25,3901.47,92,12,6,9.68,74.57,80.17
2026-03-28,Unit 03,8730.45,5028.75,120,12,11,13.69,80.11,88.45
2026-03-28,Unit 04,3732.83,2175.25,104,12,10,24.37,75.57,88.82
2026-03-28,Unit 05,6483.89,4064.39,82,16,5,19.44,83.65,92.68
2026-03-28,Unit 06,6762.41,4566.06,108,9,2,22.76,87.94,97.29
2026-03-28,Unit 07,8757.55,5773.76,140,14,1,9.34,79.62,82.52
2026-03-29,Unit 01,7055.44,5108.52,150,12,4,23.09,91.87,97.53
2026-03-29,Unit 02,9884.53,6541.36,126,17,2,22.52,73.5,80.63
2026-03-29,Unit 03,10312.36,5894.73,155,12,2,14.75,72.68,97.48
2026-03-29,Unit 04,4864.88,3688.32,130,15,8,21.0,72.33,81.3
2026-03-29,Unit 05,4512.72,3560.89,70,10,4,11.9,90.65,85.64
2026-03-29,Unit 06,4461.46,2659.32,76,10,0,19.28,94.09,82.8
2026-03-29,Unit 07,9386.03,6532.28,119,15,4,17.33,73.78,97.76
2026-03-30,Unit 01,5050.17,3400.11,82,16,11,18.81,85.79,87.56
2026-03-30,Unit 02,7514.25,5110.04,99,16,3,21.68,82.37,83.78
2026-03-30,Unit 03,3844.2,2114.41,79,12,2,13.85,83.14,75.2
2026-03-30,Unit 04,8809.01,4866.68,156,15,6,21.57,86.72,94.12
2026-03-30,Unit 05,4652.97,3667.39,107,16,6,14.71,74.57,92.69
2026-03-30,Unit 06,8636.33,5363.2,166,14,6,18.63,84.47,94.2
2026-03-30,Unit 07,10794.94,6729.6,163,17,10,20.63,92.65,84.91
2026-03-31,Unit 01,3415.29,1980.17,83,9,7,18.5,77.62,89.95
2026-03-31,Unit 02,3623.15,2041.29,101,11,8,8.38,97.23,81.77
2026-03-31,Unit 03,8264.04,4563.53,151,10,1,10.56,83.82,83.21
2026-03-31,Unit 04,11356.13,9305.78,160,12,7,19.85,70.89,76.93
2026-03-31,Unit 05,3148.51,2065.28,67,10,8,15.99,75.38,95.2
2026-03-31,Unit 06,5904.24,4800.98,166,14,11,12.23,91.59,85.63
2026-03-31,Unit 07,4737.69,3591.97,85,8,8,19.32,75.84,84.34
2026-04-01,Unit 01,8867.27,6383.32,179,12,0,20.66,85.39,77.93
2026-04-01,Unit 02,6830.97,4421.79,141,15,0,22.68,76.1,77.71
2026-04-01,Unit 03,3603.48,2754.81,101,14,9,10.03,92.1,75.21
2026-04-01,Unit 04,9414.36,6385.97,134,8,9,10.63,91.58,80.97
2026-04-01,Unit 05,4676.59,2999.45,71,15,10,9.02,79.95,78.69
2026-04-01,Unit 06,6413.05,4371.89,161,16,5,24.69,92.08,93.16
2026-04-01,Unit 07,6683.57,4919.76,153,15,5,20.31,77.02,75.95
2026-04-02,Unit 01,6322.34,4667.15,131,15,3,17.63,85.22,82.77
2026-04-02,Unit 02,7034.25,5005.88,95,15,8,10.73,84.87,85.79
2026-04-02,Unit 03,6646.09,3656.64,129,12,10,16.6,90.54,96.19
2026-04-02,Unit 04,8683.79,6230.21,169,17,5,20.26,88.43,87.93
2026-04-02,Unit 05,4920.98,3367.62,84,14,8,10.62,77.93,84.84
2026-04-02,Unit 06,2910.53,2118.58,74,13,0,22.2,73.63,95.96
2026-04-02,Unit 07,4149.44,2392.83,73,11,9,18.91,80.88,86.76
2026-04-03,Unit 01,9172.97,5166.7,149,17,3,18.3,71.98,97.33
2026-04-03,Unit 02,8167.19,6454.02,143,11,1,15.96,87.89,83.66
2026-04-03,Unit 03,8515.33,6312.22,165,14,9,12.52,71.14,76.69
2026-04-03,Unit 04,5347.99,4328.44,69,12,1,9.72,76.47,84.25
2026-04-03,Unit 05,8199.05,5771.37,127,11,2,17.49,85.63,92.91
2026-04-03,Unit 06,6861.98,5075.73,105,17,6,23.01,74.67,79.33
2026-04-03,Unit 07,6223.32,3688.61,124,14,9,15.53,79.87,82.56
2026-04-04,Unit 01,8690.2,6572.66,168,13,6,22.04,79.06,80.78
2026-04-04,Unit 02,4513.37,3152.88,87,16,11,12.32,96.93,85.74
2026-04-04,Unit 03,4061.05,3311.37,60,14,9,8.28,73.78,96.37
2026-04-04,Unit 04,7771.18,4724.89,98,8,5,8.37,93.01,91.55
2026-04-04,Unit 05,10604.93,7425.65,177,12,9,10.63,71.06,83.54
2026-04-04,Unit 06,4791.24,3388.28,93,10,3,12.36,78.41,88.69
2026-04-04,Unit 07,7926.89,4525.02,177,17,5,21.48,74.84,94.82
2026-04-05,Unit 01,12438.5,8840.2,164,17,4,8.64,92.63,84.16
2026-04-05,Unit 02,12335.23,7943.16,177,8,6,15.08,94.3,95.87
2026-04-05,Unit 03,9978.13,7110.63,155,11,0,18.78,87.7,76.3
2026-04-05,Unit 04,3209.0,2254.41,65,16,5,16.54,76.18,76.21
2026-04-05,Unit 05,8058.7,5683.96,117,14,1,11.78,78.11,84.46
2026-04-05,Unit 06,3987.6,2808.42,103,10,0,17.32,77.35,84.56
2026-04-05,Unit 07,10558.26,7979.4,159,14,7,17.51,83.66,90.65
2026-04-06,Unit 01,8216.3,6150.97,131,11,3,12.12,77.46,85.32
2026-04-06,Unit 02,2844.53,1882.13,71,17,5,13.92,78.98,89.25
2026-04-06,Unit 03,7697.26,6286.09,158,8,9,21.97,92.48,89.96
2026-04-06,Unit 04,4978.32,3051.92,65,15,10,14.35,91.22,95.47
2026-04-06,Unit 05,5767.95,4650.2,154,9,2,22.77,92.96,75.33
2026-04-06,Unit 06,5470.02,3042.11,99,9,3,20.58,75.93,88.11
2026-04-06,Unit 07,7375.7,5510.24,130,12,2,19.82,88.71,84.04
2026-04-07,Unit 01,3022.21,1711.26,65,16,3,21.42,87.3,76.27
2026-04-07,Unit 02,3569.25,2224.55,68,8,10,14.12,73.02,82.02
2026-04-07,Unit 03,7039.07,4837.99,89,14,11,9.69,78.83,95.8
2026-04-07,Unit 04,3080.6,2110.75,71,16,7,17.53,89.95,75.95
2026-04-07,Unit 05,4951.05,3248.97,99,16,2,8.31,89.16,83.53
2026-04-07,Unit 06,7183.78,5849.17,90,12,4,21.8,87.52,96.09
2026-04-07,Unit 07,10180.04,6219.06,131,8,5,23.25,88.39,77.11
2026-04-08,Unit 01,9856.63,7051.05,126,14,10,19.67,81.69,88.75
2026-04-08,Unit 02,7517.87,4803.22,99,14,8,10.24,88.27,88.94
2026-04-08,Unit 03,7006.54,5156.14,170,11,8,23.46,82.04,96.82
2026-04-08,Unit 04,11009.05,8781.04,143,10,5,9.15,84.92,92.27
2026-04-08,Unit 05,7277.85,4288.77,100,10,0,21.01,94.64,84.94
2026-04-08,Unit 06,5383.65,4318.32,98,14,10,23.87,77.67,93.7
2026-04-08,Unit 07,3291.83,2488.17,76,9,9,18.49,86.96,89.7
2026-04-09,Unit 01,4039.8,2250.34,89,17,1,19.7,83.34,87.06
2026-04-09,Unit 02,8044.9,5236.98,120,17,6,16.35,73.85,79.64
2026-04-09,Unit 03,7773.28,4306.81,112,8,4,24.15,76.23,91.11
2026-04-09,Unit 04,6896.03,4122.52,156,11,7,22.74,83.72,82.8
2026-04-09,Unit 05,7976.21,5258.83,173,15,0,18.33,93.08,92.28
2026-04-09,Unit 06,10662.05,7510.59,138,14,8,16.93,94.52,93.89
2026-04-09,Unit 07,4038.54,3122.97,73,16,0,22.92,76.88,87.91
2026-04-10,Unit 01,6868.71,5196.82,131,8,0,11.23,82.31,96.23
2026-04-10,Unit 02,5056.54,3183.06,119,12,0,19.73,95.3,86.13
2026-04-10,Unit 03,4793.86,2783.1,71,15,9,23.94,89.49,78.25
2026-04-10,Unit 04,5584.28,3341.06,101,14,9,23.24,95.08,96.18
2026-04-10,Unit 05,4561.67,3307.74,92,9,11,21.54,90.11,77.97
2026-04-10,Unit 06,8283.44,5367.62,150,9,8,20.02,90.35,98.4
2026-04-10,Unit 07,4163.24,2717.61,80,17,2,23.51,85.83,90.83
2026-04-11,Unit 01,5927.75,3546.54,80,10,11,8.87,78.63,92.52
2026-04-11,Unit 02,6066.28,3528.99,96,15,2,24.33,70.1,93.37
2026-04-11,Unit 03,6772.4,4636.61,118,8,0,18.34,83.82,80.2
2026-04-11,Unit 04,6307.9,3604.58,118,15,9,8.11,94.7,81.67
2026-04-11,Unit 05,11830.36,6662.96,164,16,2,8.94,79.77,78.49
2026-04-11,Unit 06,8847.05,6306.95,145,8,5,23.65,71.37,85.01
2026-04-11,Unit 07,5219.53,3731.93,80,10,11,19.9,86.02,88.49
2026-04-12,Unit 01,9463.29,7584.82,155,15,1,21.06,79.04,96.54
2026-04-12,Unit 02,8514.04,5948.14,157,9,4,16.0,73.42,95.63
2026-04-12,Unit 03,6809.63,4131.12,127,13,3,18.4,73.06,92.51
2026-04-12,Unit 04,4030.3,2966.05,71,16,11,12.88,87.05,82.6
2026-04-12,Unit 05,10610.22,6849.33,133,16,2,18.44,83.9,92.5
2026-04-12,Unit 06,8777.17,6921.58,123,15,3,20.05,97.42,75.04
2026-04-12,Unit 07,7514.34,4372.14,119,8,3,21.59,97.97,84.94
2026-04-13,Unit 01,6262.74,4522.49,104,13,0,18.89,89.32,81.11
2026-04-13,Unit 02,4802.77,3354.72,99,9,0,9.94,79.33,84.51
2026-04-13,Unit 03,10792.3,8360.27,138,17,3,13.62,79.46,91.14
2026-04-13,Unit 04,5929.22,3478.4,162,15,2,18.66,94.98,87.89
2026-04-13,Unit 05,8363.26,5534.53,119,13,11,8.95,84.59,88.56
2026-04-13,Unit 06,7744.04,4694.68,131,13,10,13.64,95.65,94.1
2026-04-13,Unit 07,3762.04,2100.78,79,9,6,18.65,93.59,88.7
2026-04-14,Unit 01,5128.04,4017.51,83,14,4,19.99,78.81,75.76
2026-04-14,Unit 02,4073.09,2501.54,71,14,7,22.1,78.47,87.6
2026-04-14,Unit 03,3836.14,2148.61,74,10,3,23.53,82.43,75.6
2026-04-14,Unit 04,10062.93,6051.41,175,15,7,20.45,84.66,93.61
2026-04-14,Unit 05,11728.49,9054.13,158,10,8,19.5,73.72,92.39
2026-04-14,Unit 06,7315.59,5055.31,109,15,0,13.29,71.23,95.35
2026-04-14,Unit 07,5712.96,3213.3,102,9,8,21.03,90.88,75.54
2026-04-15,Unit 01,10595.6,6745.56,141,12,3,12.87,84.9,93.55
2026-04-15,Unit 02,3921.63,2446.63,94,9,0,24.29,85.67,77.46
2026-04-15,Unit 03,6211.03,3870.62,104,16,11,21.67,86.07,79.11
2026-04-15,Unit 04,10370.83,7217.64,138,12,0,10.21,83.18,91.21
2026-04-15,Unit 05,4078.89,2713.06,109,9,2,19.98,94.96,90.11
2026-04-15,Unit 06,7038.43,4502.69,138,15,3,20.12,88.78,87.8
2026-04-15,Unit 07,5402.86,4157.34,132,15,11,15.96,82.76,91.43
2026-04-16,Unit 01,5451.15,3327.51,120,15,9,12.39,80.18,79.4
2026-04-16,Unit 02,11797.7,7523.22,160,13,7,8.51,83.31,83.43
2026-04-16,Unit 03,7171.26,5431.11,168,15,9,17.77,84.22,84.74
2026-04-16,Unit 04,6062.7,3450.58,101,9,4,17.06,81.22,84.92
2026-04-16,Unit 05,5428.85,4413.39,91,17,6,9.12,75.83,91.66
2026-04-16,Unit 06,12657.48,8900.07,160,14,5,17.26,76.61,90.9
2026-04-16,Unit 07,11840.88,8348.19,154,9,7,9.94,86.69,82.81
2026-04-17,Unit 01,9080.73,5749.64,165,9,6,9.18,73.04,94.54
2026-04-17,Unit 02,5781.57,4210.4,101,14,1,11.7,73.89,88.94
2026-04-17,Unit 03,6490.01,3830.98,156,8,8,12.96,87.24,85.73
2026-04-17,Unit 04,10949.17,6908.14,147,11,10,13.18,96.41,85.43
2026-04-17,Unit 05,4346.81,3108.42,71,13,8,14.87,73.57,82.06
2026-04-17,Unit 06,10447.47,5895.97,175,13,11,17.52,97.4,77.63
2026-04-17,Unit 07,6188.56,4125.07,170,12,9,14.7,78.91,84.19
2026-04-18,Unit 01,6845.99,4989.85,115,14,7,10.36,85.55,95.24
2026-04-18,Unit 02,8980.52,5638.76,167,13,10,10.13,70.32,90.56
2026-04-18,Unit 03,11372.64,8275.19,152,10,2,9.44,87.98,84.98
2026-04-18,Unit 04,12267.31,8749.0,174,15,6,18.6,82.72,85.18
2026-04-18,Unit 05,5557.78,3335.58,109,15,9,8.13,83.95,92.54
2026-04-18,Unit 06,5027.84,3506.74,94,16,5,8.57,71.06,86.6
2026-04-18,Unit 07,4522.3,3661.56,74,13,1,10.42,90.48,98.61
2026-04-19,Unit 01,6933.26,4793.01,119,12,9,9.5,83.23,92.8
2026-04-19,Unit 02,9336.84,7147.23,147,9,4,18.42,95.3,87.84
2026-04-19,Unit 03,6651.79,5285.74,120,8,9,20.47,81.79,98.05
2026-04-19,Unit 04,4126.17,3043.73,97,12,9,20.74,90.36,88.53
2026-04-19,Unit 05,7880.91,4694.28,140,8,0,19.16,78.17,92.7
2026-04-19,Unit 06,5454.16,3186.55,96,8,1,22.47,77.78,78.18
2026-04-19,Unit 07,6992.34,3872.6,95,12,1,18.26,95.48,92.74
2026-04-20,Unit 01,7634.75,4737.66,107,15,11,12.02,75.06,87.66
2026-04-20,Unit 02,8166.17,6624.26,103,8,9,23.88,74.32,86.9
2026-04-20,Unit 03,8254.32,6012.28,158,14,11,18.84,75.9,92.62
2026-04-20,Unit 04,4217.52,3179.93,66,13,1,8.89,82.99,86.43
2026-04-20,Unit 05,12039.06,9619.98,155,15,3,14.46,89.76,86.39
2026-04-20,Unit 06,9418.64,5210.42,127,10,7,14.49,78.84,87.73
2026-04-20,Unit 07,5493.39,3966.8,72,8,6,18.38,88.26,81.54
2026-04-21,Unit 01,6683.8,4136.89,94,12,9,14.65,91.65,92.98
2026-04-21,Unit 02,6915.92,4433.8,158,17,11,24.88,78.77,75.25
2026-04-21,Unit 03,6317.6,4176.17,166,8,8,9.77,82.49,80.27
2026-04-21,Unit 04,4019.35,2236.36,92,12,1,8.97,86.64,96.46
2026-04-21,Unit 05,8665.07,6422.38,136,11,1,9.47,86.93,84.02
2026-04-21,Unit 06,12720.64,10073.73,162,17,11,11.13,78.25,90.85
2026-04-21,Unit 07,7812.1,6395.9,141,9,6,19.77,88.69,93.48
2026-04-22,Unit 01,5610.63,3505.9,80,12,0,14.51,79.31,76.44
2026-04-22,Unit 02,4495.72,3069.52,82,12,3,18.38,75.0,86.81
2026-04-22,Unit 03,8977.35,5466.88,129,10,10,9.81,82.36,81.22
2026-04-22,Unit 04,2633.63,1965.84,69,8,7,8.32,83.94,90.67
2026-04-22,Unit 05,6569.77,4306.03,179,8,2,19.9,95.33,88.79
2026-04-22,Unit 06,11594.4,7912.99,150,16,6,14.87,90.38,94.49
2026-04-22,Unit 07,5826.04,3809.03,129,9,11,21.91,83.5,88.61
2026-04-23,Unit 01,6699.63,4409.47,102,13,10,24.95,88.12,83.77
2026-04-23,Unit 02,5099.72,3851.93,70,13,4,19.01,74.95,75.94
2026-04-23,Unit 03,6277.7,4632.24,144,14,1,18.72,80.06,77.04
2026-04-23,Unit 04,6702.99,3751.25,154,15,0,20.24,86.6,86.74
2026-04-23,Unit 05,9551.3,6046.81,161,9,8,24.4,92.73,98.2
2026-04-23,Unit 06,3217.14,2062.78,64,8,11,8.73,73.31,94.37
2026-04-23,Unit 07,9121.88,7160.25,118,16,8,10.53,86.22,97.2
2026-04-24,Unit 01,6371.22,4628.91,154,8,7,23.42,87.31,80.82
2026-04-24,Unit 02,2607.82,1469.48,61,10,4,21.95,72.72,89.67
2026-04-24,Unit 03,4882.47,2825.53,68,17,7,18.11,87.24,76.51
2026-04-24,Unit 04,5720.57,4437.4,114,11,11,19.53,79.08,98.42
2026-04-24,Unit 05,5312.2,4121.39,129,17,3,20.99,86.61,83.05
2026-04-24,Unit 06,3928.79,2601.22,95,9,11,14.29,74.62,80.85
2026-04-24,Unit 07,2665.11,2035.04,65,17,10,18.41,91.77,75.38
2026-04-25,Unit 01,2470.0,1478.15,70,15,1,20.01,86.62,81.81
2026-04-25,Unit 02,6025.1,3546.58,148,15,4,16.89,81.54,97.51
2026-04-25,Unit 03,5430.56,3250.73,148,17,7,18.4,72.46,94.84
2026-04-25,Unit 04,5599.92,3923.2,104,12,3,10.0,84.85,77.3
2026-04-25,Unit 05,11772.63,8190.52,170,13,3,15.89,87.54,79.99
2026-04-25,Unit 06,3365.93,1986.87,84,8,7,16.46,74.47,97.14
2026-04-25,Unit 07,7297.19,4426.4,142,8,4,13.68,92.54,93.2
2026-04-26,Unit 01,4987.27,3988.38,73,8,2,10.69,70.81,87.36
2026-04-26,Unit 02,7932.4,5315.51,174,9,9,13.54,75.57,91.24
2026-04-26,Unit 03,6234.8,3978.15,89,13,1,12.03,81.55,79.8
2026-04-26,Unit 04,3877.42,2639.71,69,11,6,10.46,95.98,85.92
2026-04-26,Unit 05,4401.79,3276.48,107,14,10,14.1,77.55,83.06
2026-04-26,Unit 06,8967.31,5611.41,148,8,1,22.48,82.84,79.11
2026-04-26,Unit 07,6590.18,4698.68,88,13,10,24.2,95.36,88.87
2026-04-27,Unit 01,7661.89,5065.72,169,16,8,16.32,97.88,89.2
2026-04-27,Unit 02,3387.0,2254.36,95,15,3,12.21,82.16,80.34
2026-04-27,Unit 03,6013.4,4765.79,79,17,6,24.66,71.12,86.3
2026-04-27,Unit 04,3466.01,2275.32,64,16,11,21.96,82.67,80.77
2026-04-27,Unit 05,5547.21,4147.0,156,16,3,10.26,78.28,90.54
2026-04-27,Unit 06,3508.59,2218.5,62,9,11,15.81,85.97,89.01
2026-04-27,Unit 07,8298.18,6522.65,119,15,6,11.14,94.4,90.04
2026-04-28,Unit 01,10748.88,7028.88,170,8,11,13.66,70.92,85.22
2026-04-28,Unit 02,11558.57,8050.05,149,12,3,21.39,72.27,96.14
2026-04-28,Unit 03,9692.44,7096.38,125,8,0,9.89,80.24,89.86
2026-04-28,Unit 04,4546.03,3186.19,106,13,1,17.53,91.66,78.32
2026-04-28,Unit 05,5335.52,3869.53,90,13,11,23.97,86.24,98.02
2026-04-28,Unit 06,10690.02,6530.19,156,11,5,23.26,84.1,85.15
2026-04-28,Unit 07,3520.81,2366.52,68,8,8,16.95,73.44,92.04
2026-04-29,Unit 01,8426.58,6047.39,175,16,10,24.07,92.65,97.58
2026-04-29,Unit 02,6311.39,4251.52,84,9,1,14.64,75.01,98.0
2026-04-29,Unit 03,3096.26,1796.59,73,9,2,16.44,94.5,87.5
2026-04-29,Unit 04,5213.18,3827.77,97,8,2,16.06,81.76,92.71
2026-04-29,Unit 05,4220.25,2346.25,97,8,3,22.19,84.55,83.06
2026-04-29,Unit 06,6644.45,5066.01,103,17,7,18.09,89.51,95.21
2026-04-29,Unit 07,5744.68,3364.24,118,15,4,10.92,77.28,86.62
2026-04-30,Unit 01,11541.6,6810.14,158,12,4,15.75,74.66,97.18
2026-04-30,Unit 02,4147.45,2477.47,96,16,11,19.78,88.66,78.68
2026-04-30,Unit 03,2727.03,1733.0,74,11,2,15.5,80.35,79.92
2026-04-30,Unit 04,7143.06,4591.83,145,8,5,15.62,97.31,87.81
2026-04-30,Unit 05,6393.53,5123.7,177,9,2,24.11,95.98,78.75
2026-04-30,Unit 06,6188.55,4582.44,124,16,7,23.23,97.15,93.1
2026-04-30,Unit 07,6034.72,4240.07,145,17,7,13.76,73.14,86.5
2026-05-01,Unit 01,5044.3,2933.55,77,8,0,14.83,93.54,85.7
2026-05-01,Unit 02,3785.13,2737.23,101,9,9,16.95,91.88,93.41
2026-05-01,Unit 03,2403.21,1872.95,62,11,10,19.42,72.45,87.28
2026-05-01,Unit 04,6014.49,4290.56,122,11,0,23.44,80.11,78.55
2026-05-01,Unit 05,5604.13,3100.72,107,14,5,13.97,97.37,95.98
2026-05-01,Unit 06,5894.55,3948.99,87,9,6,21.66,78.08,94.34
2026-05-01,Unit 07,11526.91,6774.17,153,14,9,18.16,74.02,82.28
2026-05-02,Unit 01,3873.47,3134.51,102,16,6,9.5,81.46,96.95
2026-05-02,Unit 02,4920.95,3650.2,82,14,2,11.39,93.3,81.95
2026-05-02,Unit 03,4681.69,2956.66,65,15,9,13.17,85.66,86.12
2026-05-02,Unit 04,5652.73,3509.91,161,8,10,22.18,83.23,90.69
2026-05-02,Unit 05,4867.11,3868.54,113,12,10,12.16,73.34,81.65
2026-05-02,Unit 06,9322.86,6590.22,136,9,9,15.41,77.22,91.46
2026-05-02,Unit 07,6212.81,4382.03,107,9,4,10.77,71.64,82.67
2026-05-03,Unit 01,4446.63,2773.01,105,10,6,18.82,96.74,76.17
2026-05-03,Unit 02,8096.58,4621.07,127,12,3,21.03,75.13,77.27
2026-05-03,Unit 03,6387.73,4058.62,129,10,10,21.6,77.6,91.75
2026-05-03,Unit 04,4251.52,2741.98,72,13,2,8.22,84.51,83.95
2026-05-03,Unit 05,5635.18,4485.11,112,15,1,11.7,84.09,94.96
2026-05-03,Unit 06,9112.74,7355.57,138,16,8,20.11,89.66,94.26
2026-05-03,Unit 07,8994.13,5229.84,118,14,2,23.7,83.43,82.48
2026-05-04,Unit 01,5526.04,4366.82,77,13,9,16.89,97.16,79.13
2026-05-04,Unit 02,4315.54,2511.74,63,12,2,22.57,73.99,80.44
2026-05-04,Unit 03,3513.94,2007.25,86,10,11,20.97,73.13,75.45
2026-05-04,Unit 04,8487.36,5118.0,156,15,0,21.48,84.38,76.42
2026-05-04,Unit 05,8163.86,4636.15,176,9,10,8.17,72.7,77.97
2026-05-04,Unit 06,5284.02,3191.59,86,17,10,13.98,72.54,95.3
2026-05-04,Unit 07,6787.45,4027.34,134,12,8,21.27,87.16,87.12
2026-05-05,Unit 01,5175.46,3913.04,72,9,8,11.69,75.36,81.76
2026-05-05,Unit 02,4728.67,2726.76,60,16,3,23.65,93.84,86.39
2026-05-05,Unit 03,4547.15,3676.79,83,17,2,22.19,97.48,85.18
2026-05-05,Unit 04,4747.35,3587.01,89,16,5,10.1,73.09,78.26
2026-05-05,Unit 05,7195.83,5360.73,150,13,1,13.58,73.24,81.81
2026-05-05,Unit 06,7552.21,6144.24,154,17,7,11.84,81.4,98.64
2026-05-05,Unit 07,6178.6,4890.88,84,14,7,23.96,80.29,75.31
2026-05-06,Unit 01,5800.98,3876.65,146,15,10,19.5,73.34,84.48
2026-05-06,Unit 02,4990.6,3947.35,73,17,2,9.1,97.31,83.13
2026-05-06,Unit 03,13369.4,7796.31,168,17,6,20.33,77.8,92.12
2026-05-06,Unit 04,6383.31,4871.51,135,17,10,24.03,79.97,91.0
2026-05-06,Unit 05,7077.67,4174.34,122,14,7,9.84,77.02,86.93
2026-05-06,Unit 06,2487.38,1403.55,63,10,1,16.47,70.75,79.3
2026-05-06,Unit 07,7258.1,4585.26,146,17,9,9.64,72.14,93.04
2026-05-07,Unit 01,9011.33,5670.49,161,15,7,16.33,77.33,83.25
2026-05-07,Unit 02,4617.58,3492.14,129,16,6,22.96,73.34,85.8
2026-05-07,Unit 03,6459.41,3609.98,116,14,8,19.21,91.82,96.23
2026-05-07,Unit 04,6634.44,4208.65,122,10,6,16.29,73.06,91.2
2026-05-07,Unit 05,8713.08,5897.46,147,16,8,22.52,84.19,84.39
2026-05-07,Unit 06,10623.04,7612.19,135,15,5,21.03,77.96,76.47
2026-05-07,Unit 07,2649.98,1719.65,65,17,11,17.93,91.43,90.0
2026-05-08,Unit 01,3907.2,3195.41,72,14,6,13.97,88.51,80.94
2026-05-08,Unit 02,5241.02,3856.12,135,12,4,9.95,74.75,87.92
2026-05-08,Unit 03,7622.75,5062.02,118,8,8,23.32,77.47,91.7
2026-05-08,Unit 04,4920.28,3207.97,62,17,6,13.48,72.74,86.72
2026-05-08,Unit 05,5907.35,4543.3,103,11,10,13.77,87.22,83.72
2026-05-08,Unit 06,4875.84,3797.21,85,14,1,22.29,85.0,81.9
2026-05-08,Unit 07,7823.36,5152.06,98,8,3,18.62,96.82,92.22
2026-05-09,Unit 01,4437.64,2768.24,72,17,9,21.62,83.31,80.03
2026-05-09,Unit 02,10305.76,7072.36,143,9,4,15.36,85.12,79.8
2026-05-09,Unit 03,5807.35,3904.7,92,14,8,11.07,70.52,91.88
2026-05-09,Unit 04,7642.73,5567.1,133,10,11,23.95,77.5,90.31
2026-05-09,Unit 05,11764.15,7847.93,169,17,9,20.35,71.68,79.82
2026-05-09,Unit 06,3573.71,2685.78,78,15,4,22.35,81.49,95.64
2026-05-09,Unit 07,6226.58,4118.0,141,9,4,18.98,77.18,89.43
2026-05-10,Unit 01,3609.91,2172.51,90,14,3,21.55,78.7,86.65
2026-05-10,Unit 02,7308.71,4092.81,114,14,2,12.64,70.82,93.95
2026-05-10,Unit 03,8608.58,6232.26,144,12,0,24.38,83.6,75.48
2026-05-10,Unit 04,6207.2,4867.29,100,9,6,23.25,88.81,96.26
2026-05-10,Unit 05,11287.62,6636.57,167,14,1,17.71,84.01,77.9
2026-05-10,Unit 06,12230.28,7558.17,159,17,1,12.05,73.42,94.36
2026-05-10,Unit 07,10174.92,6667.49,166,13,11,20.65,96.19,80.23
2026-05-11,Unit 01,3660.06,2284.35,82,9,6,12.32,86.51,86.77
2026-05-11,Unit 02,11576.11,7356.06,149,13,6,16.07,76.9,81.67
2026-05-11,Unit 03,5976.81,3880.68,106,10,4,8.36,97.07,89.54
2026-05-11,Unit 04,11290.27,8256.93,148,8,4,17.4,78.66,98.0
2026-05-11,Unit 05,12521.47,7299.45,175,13,3,22.58,80.88,96.83
2026-05-11,Unit 06,14063.72,8705.36,178,14,1,23.92,91.19,82.14
2026-05-11,Unit 07,9690.41,6159.61,177,10,10,14.91,70.95,95.79
2026-05-12,Unit 01,8179.49,6544.85,120,15,5,20.2,94.55,94.69
2026-05-12,Unit 02,6964.8,3955.45,149,10,6,18.24,92.78,92.71
2026-05-12,Unit 03,5362.16,3024.61,148,15,10,11.12,82.42,90.39
2026-05-12,Unit 04,4884.38,3089.36,111,8,9,9.4,74.42,87.39
2026-05-12,Unit 05,10370.76,6852.85,168,10,5,15.68,94.46,78.2
2026-05-12,Unit 06,9067.83,5789.33,147,10,4,11.38,81.61,79.37
2026-05-12,Unit 07,12416.03,7581.37,166,14,0,23.69,88.12,90.04
2026-05-13,Unit 01,5226.72,3864.32,119,9,2,8.85,87.3,89.41
2026-05-13,Unit 02,5545.92,3304.99,71,10,9,9.99,90.12,85.44
2026-05-13,Unit 03,10776.55,6271.94,165,15,11,11.45,96.49,94.52
2026-05-13,Unit 04,6584.63,4300.82,96,12,6,22.56,86.8,98.88
2026-05-13,Unit 05,10017.44,6641.06,153,12,6,21.47,70.81,98.43
2026-05-13,Unit 06,7685.86,4742.53,139,11,9,19.63,82.83,75.25
2026-05-13,Unit 07,8472.38,6245.13,171,10,10,11.61,80.74,85.16
2026-05-14,Unit 01,3522.45,2467.09,92,17,0,13.66,76.58,96.8
2026-05-14,Unit 02,11386.04,8101.43,145,17,11,21.77,70.15,87.11
2026-05-14,Unit 03,7740.88,5660.45,98,14,2,24.46,85.67,88.93
2026-05-14,Unit 04,4671.16,3742.48,81,12,7,10.24,78.88,87.73
2026-05-14,Unit 05,3743.98,2103.83,93,10,2,16.49,97.25,81.74
2026-05-14,Unit 06,9674.99,7679.56,178,13,4,18.42,91.32,81.33
2026-05-14,Unit 07,8644.58,5491.01,115,13,7,20.98,74.24,95.47
2026-05-15,Unit 01,2871.09,1621.4,66,15,2,8.61,77.29,91.94
2026-05-15,Unit 02,5904.02,4725.26,74,14,0,15.51,97.69,88.46
2026-05-15,Unit 03,4927.64,3667.82,123,15,2,10.1,72.62,95.84
2026-05-15,Unit 04,7067.16,4857.68,166,10,4,17.58,88.57,80.1
2026-05-15,Unit 05,8827.53,5285.52,127,8,1,12.18,83.95,77.26
2026-05-15,Unit 06,3010.94,2453.79,63,13,1,14.7,86.53,97.83
2026-05-15,Unit 07,2867.65,1933.55,79,13,11,19.21,82.71,97.92
2026-05-16,Unit 01,5077.62,4122.2,144,17,10,18.58,82.69,97.74
2026-05-16,Unit 02,3382.87,1905.05,76,17,10,12.81,92.35,92.85
2026-05-16,Unit 03,7146.28,4700.05,137,16,2,12.08,91.58,84.57
2026-05-16,Unit 04,7498.53,4910.76,169,8,6,12.84,91.07,90.7
2026-05-16,Unit 05,5594.63,3730.14,98,9,4,23.36,86.9,83.62
2026-05-16,Unit 06,8554.9,5166.86,166,9,7,23.05,83.34,88.51
2026-05-16,Unit 07,4901.99,3769.47,71,14,9,11.17,87.66,77.23
2026-05-17,Unit 01,8116.11,5946.18,103,16,10,19.67,74.34,86.89
2026-05-17,Unit 02,3365.71,2248.59,70,16,7,13.11,97.56,91.42
2026-05-17,Unit 03,7713.63,5133.33,167,12,9,8.81,72.14,76.08
2026-05-17,Unit 04,6765.14,3893.41,125,9,10,20.25,92.76,83.53
2026-05-17,Unit 05,4871.24,2700.58,70,17,11,19.25,75.03,79.37
2026-05-17,Unit 06,2518.62,1981.46,65,14,4,13.34,90.27,93.18
2026-05-17,Unit 07,9918.0,6368.95,139,15,2,11.59,72.19,98.57
2026-05-18,Unit 01,11166.88,7449.71,171,12,0,8.1,73.27,79.12
2026-05-18,Unit 02,7803.49,6122.39,118,15,11,18.23,83.63,89.84
2026-05-18,Unit 03,7004.46,5673.95,106,17,10,14.71,78.47,78.0
2026-05-18,Unit 04,3363.03,1864.09,84,8,3,22.6,75.86,90.57
2026-05-18,Unit 05,8382.81,6552.94,115,11,8,11.25,78.43,86.12
2026-05-18,Unit 06,4101.92,2440.02,114,15,2,20.56,82.47,86.64
2026-05-18,Unit 07,9388.8,5778.9,170,8,4,17.68,93.35,76.22
2026-05-19,Unit 01,4625.9,3434.89,73,8,6,22.43,90.64,89.3
2026-05-19,Unit 02,3556.58,2339.92,97,16,8,18.05,87.12,91.29
2026-05-19,Unit 03,5975.73,4139.05,89,15,6,17.8,85.49,81.43
2026-05-19,Unit 04,9739.94,6658.15,173,14,10,13.89,89.53,75.5
2026-05-19,Unit 05,6634.66,4265.01,152,12,3,16.63,86.45,91.44
2026-05-19,Unit 06,12321.96,8962.73,169,17,2,23.01,90.24,84.37
2026-05-19,Unit 07,12840.74,9324.63,166,14,5,21.53,92.39,95.27
2026-05-20,Unit 01,4103.11,3086.76,86,17,10,16.21,74.85,78.75
2026-05-20,Unit 02,5090.88,4096.25,72,15,7,13.16,75.86,76.13
2026-05-20,Unit 03,7837.28,5066.03,105,8,2,10.97,94.06,87.08
2026-05-20,Unit 04,5600.93,4014.42,103,9,1,17.55,83.62,98.85
2026-05-20,Unit 05,5861.87,4613.19,158,13,4,23.24,93.9,95.97
2026-05-20,Unit 06,5754.53,3243.33,145,17,7,21.58,96.95,93.14
2026-05-20,Unit 07,9996.12,7608.87,160,9,1,22.0,71.18,77.53
2026-05-21,Unit 01,7565.45,4899.7,171,9,11,12.97,82.36,87.14
2026-05-21,Unit 02,5065.42,3243.61,79,9,2,10.09,75.65,98.27
2026-05-21,Unit 03,6603.56,4476.48,91,8,4,16.59,72.39,83.94
2026-05-21,Unit 04,6712.43,4136.68,106,14,8,15.17,76.39,94.24
2026-05-21,Unit 05,9455.15,6371.48,177,14,8,21.51,80.13,75.71
2026-05-21,Unit 06,5600.74,4299.61,158,10,1,9.44,78.81,98.57
2026-05-21,Unit 07,4343.1,3278.96,115,10,10,23.68,74.23,88.79
2026-05-22,Unit 01,5225.27,4123.58,97,16,11,17.41,78.52,92.82
2026-05-22,Unit 02,4405.12,3493.51,61,13,9,23.65,89.61,85.71
2026-05-22,Unit 03,10293.35,7852.31,173,11,10,15.52,79.67,94.48
2026-05-22,Unit 04,6976.65,4405.15,159,14,0,17.14,80.92,92.25
2026-05-22,Unit 05,10034.21,6288.04,126,10,1,16.7,78.74,83.18
2026-05-22,Unit 06,2247.82,1719.76,62,10,9,12.4,93.3,82.29
2026-05-22,Unit 07,4956.27,2806.17,124,14,5,12.42,84.21,77.97
2026-05-23,Unit 01,5663.77,4241.89,117,9,7,13.76,76.61,92.9
2026-05-23,Unit 02,8865.0,7119.8,132,17,10,17.07,86.68,83.41
2026-05-23,Unit 03,10195.75,7575.55,145,12,10,10.38,80.57,92.7
2026-05-23,Unit 04,5882.27,3541.07,101,9,5,15.72,74.1,85.22
2026-05-23,Unit 05,2740.58,1821.72,70,14,2,16.1,82.49,83.86
2026-05-23,Unit 06,6823.26,4708.83,111,16,6,22.82,86.36,90.28
2026-05-23,Unit 07,11380.7,7763.64,148,15,6,22.0,74.04,78.05
2026-05-24,Unit 01,5970.67,4111.16,76,15,8,10.01,75.95,86.36
2026-05-24,Unit 02,6762.21,5457.05,131,10,9,22.49,73.09,83.87
2026-05-24,Unit 03,3804.12,2213.2,65,12,4,24.85,78.49,86.66
2026-05-24,Unit 04,5481.11,3638.77,78,10,4,23.11,76.04,94.66
2026-05-24,Unit 05,2430.29,1565.43,60,15,0,15.1,86.05,88.58
2026-05-24,Unit 06,8316.6,6447.9,160,13,9,10.26,73.88,90.28
2026-05-24,Unit 07,8005.21,6275.39,145,15,5,9.52,87.49,89.97
2026-05-25,Unit 01,6720.48,4311.38,89,14,0,24.29,94.92,92.66
2026-05-25,Unit 02,7216.95,4017.66,170,9,10,21.53,89.81,88.47
2026-05-25,Unit 03,8544.26,5143.26,142,9,9,17.21,91.21,97.98
2026-05-25,Unit 04,5777.11,3961.44,84,16,0,10.04,96.21,79.31
2026-05-25,Unit 05,6688.39,4121.57,95,8,11,22.26,86.23,77.03
2026-05-25,Unit 06,6770.46,4800.26,137,16,7,22.65,70.65,85.49
2026-05-25,Unit 07,4642.1,2950.95,63,14,4,9.55,97.43,88.0
2026-05-26,Unit 01,3371.17,2553.47,78,12,2,13.22,81.4,79.06
2026-05-26,Unit 02,4359.73,3237.49,101,17,4,14.63,78.96,84.91
2026-05-26,Unit 03,4826.52,3733.27,93,13,1,8.88,76.71,89.33
2026-05-26,Unit 04,7120.22,4885.85,123,11,1,12.58,78.91,88.27
2026-05-26,Unit 05,4392.4,3167.16,121,9,0,12.58,96.98,91.2
2026-05-26,Unit 06,9414.01,7173.55,157,11,4,17.66,82.49,95.31
2026-05-26,Unit 07,6039.75,3554.03,86,16,8,24.75,91.9,87.9
2026-05-27,Unit 01,10556.81,5925.36,176,14,7,24.34,87.38,90.67
2026-05-27,Unit 02,2262.47,1807.46,60,10,4,18.16,93.51,84.12
2026-05-27,Unit 03,10596.04,7501.92,167,13,8,12.78,74.52,87.82
2026-05-27,Unit 04,3825.64,2825.53,98,9,2,20.33,97.97,96.08
2026-05-27,Unit 05,7964.93,6105.56,138,11,10,24.07,87.78,98.51
2026-05-27,Unit 06,4330.28,3530.98,94,15,5,11.58,96.85,82.88
2026-05-27,Unit 07,10863.23,7760.39,142,10,0,23.32,88.84,84.92
2026-05-28,Unit 01,8270.07,4729.74,157,15,10,19.07,85.08,96.42
2026-05-28,Unit 02,5920.84,4810.39,146,15,6,22.07,80.02,79.25
2026-05-28,Unit 03,4186.59,3360.94,75,8,7,8.16,90.81,93.2
2026-05-28,Unit 04,3280.07,2347.32,84,13,4,21.74,76.19,98.52
2026-05-28,Unit 05,3048.58,2421.23,64,13,11,18.3,70.2,98.62
2026-05-28,Unit 06,5486.82,3860.84,74,14,7,10.9,75.43,92.73
2026-05-28,Unit 07,5662.64,4013.71,132,17,11,9.11,77.27,88.68
2026-05-29,Unit 01,10068.64,7664.33,172,11,3,22.41,70.65,98.28
2026-05-29,Unit 02,6400.64,4488.33,138,16,7,8.03,81.96,91.15
2026-05-29,Unit 03,13054.26,8704.43,169,8,6,12.66,89.04,86.2
2026-05-29,Unit 04,8713.65,6871.82,126,13,3,8.8,95.71,87.78
2026-05-29,Unit 05,3158.02,2022.3,60,13,9,21.73,97.73,80.42
2026-05-29,Unit 06,5262.27,3173.97,69,14,5,13.28,87.53,77.32
2026-05-29,Unit 07,8206.71,5826.62,115,15,10,23.9,93.53,80.93
2026-05-30,Unit 01,7033.15,5449.14,90,15,5,16.83,76.63,76.75
2026-05-30,Unit 02,7608.0,4380.92,139,17,7,17.84,72.39,76.46
2026-05-30,Unit 03,5302.54,4130.02,108,8,1,21.3,71.74,94.26
2026-05-30,Unit 04,6123.36,4081.81,98,8,1,19.52,85.66,82.08
2026-05-30,Unit 05,4363.67,3285.98,111,14,3,22.7,92.05,89.98
2026-05-30,Unit 06,6091.95,4054.73,109,15,9,18.53,79.51,97.5
2026-05-30,Unit 07,6876.4,4873.37,118,8,1,9.75,86.66,76.62
2026-05-31,Unit 01,10639.05,7682.33,175,11,4,14.04,83.48,89.9
2026-05-31,Unit 02,3748.77,2106.43,91,10,2,13.3,82.2,98.03
2026-05-31,Unit 03,6065.23,4222.06,99,13,2,10.51,78.64,83.23
2026-05-31,Unit 04,3556.03,2587.27,61,13,2,8.97,84.2,95.04
2026-05-31,Unit 05,5753.78,4681.61,114,8,10,23.44,91.99,83.2
2026-05-31,Unit 06,9787.66,6618.4,148,15,11,13.63,86.2,98.11
2026-05-31,Unit 07,5276.45,3133.24,98,17,7,22.89,95.5,86.9
2026-06-01,Unit 01,6350.09,3887.36,141,8,9,11.62,83.46,93.44
2026-06-01,Unit 02,11133.5,6740.61,163,13,2,22.04,70.19,75.24
2026-06-01,Unit 03,3777.55,2222.89,63,13,7,11.3,86.4,93.37
2026-06-01,Unit 04,2769.51,1735.67,63,8,3,23.05,90.13,83.16
2026-06-01,Unit 05,3916.13,2176.59,91,16,4,23.48,70.59,91.26
2026-06-01,Unit 06,10072.01,5841.38,143,14,3,13.19,76.72,94.43
2026-06-01,Unit 07,10029.14,8217.65,127,10,6,22.93,71.83,78.47
2026-06-02,Unit 01,7008.95,4862.74,161,10,11,14.36,86.79,98.45
2026-06-02,Unit 02,6562.94,4701.22,177,11,3,22.53,78.24,78.57
2026-06-02,Unit 03,4179.49,2614.77,66,11,2,22.48,97.11,96.26
2026-06-02,Unit 04,5915.49,4005.26,153,11,10,18.45,74.69,84.31
2026-06-02,Unit 05,6145.7,4150.51,107,16,5,20.11,84.71,86.6
2026-06-02,Unit 06,5649.01,3718.49,120,15,9,19.05,75.8,96.48
2026-06-02,Unit 07,7743.04,4715.67,170,15,6,23.11,86.0,97.45
2026-06-03,Unit 01,5499.29,3224.06,92,13,1,13.02,84.53,80.52
2026-06-03,Unit 02,6908.16,4426.9,119,8,7,15.95,81.45,94.31
2026-06-03,Unit 03,4907.43,2937.01,94,13,3,12.52,72.12,96.64
2026-06-03,Unit 04,9615.76,6707.92,167,12,1,21.36,95.94,77.36
2026-06-03,Unit 05,3892.6,2351.45,106,9,3,19.48,77.0,92.89
2026-06-03,Unit 06,5607.33,4594.98,84,12,11,20.58,95.55,75.2
2026-06-03,Unit 07,6912.37,5263.39,96,12,6,24.08,93.01,93.19
2026-06-04,Unit 01,7732.09,6317.92,120,8,2,22.71,76.37,92.36
2026-06-04,Unit 02,5462.11,3869.85,120,11,8,20.88,90.23,86.07
2026-06-04,Unit 03,7306.11,4864.22,100,9,11,15.1,82.28,95.47
2026-06-04,Unit 04,4414.05,3469.05,107,8,4,24.04,70.27,94.45
2026-06-04,Unit 05,4650.15,3092.09,103,13,6,20.97,89.33,82.19
2026-06-04,Unit 06,3753.54,2097.09,62,17,2,10.61,96.67,82.93
2026-06-04,Unit 07,10974.07,8604.5,176,17,6,11.47,80.94,87.83
2026-06-05,Unit 01,4786.65,3368.69,120,11,7,18.86,78.53,79.11
2026-06-05,Unit 02,2988.3,2199.5,82,16,7,8.46,75.57,96.87
2026-06-05,Unit 03,4249.45,2671.2,96,14,8,9.19,71.61,87.44
2026-06-05,Unit 04,7442.37,4918.9,101,10,2,24.82,73.62,85.04
2026-06-05,Unit 05,8499.75,6661.58,109,9,2,22.8,78.67,94.63
2026-06-05,Unit 06,4973.35,3996.45,80,15,9,11.45,90.07,86.01
2026-06-05,Unit 07,4775.93,3201.53,60,11,6,18.28,76.91,82.89
2026-06-06,Unit 01,9820.02,6627.8,172,17,0,20.53,78.06,96.14
2026-06-06,Unit 02,6917.48,5133.77,104,15,4,14.65,93.06,95.4
2026-06-06,Unit 03,3920.37,2810.08,91,14,6,15.78,95.5,79.4
2026-06-06,Unit 04,3795.11,3056.33,72,17,3,23.05,74.42,96.18
2026-06-06,Unit 05,6304.96,3581.35,97,16,11,20.28,76.08,86.84
2026-06-06,Unit 06,5984.19,3414.96,75,16,1,16.57,91.83,84.84
2026-06-06,Unit 07,4078.52,2292.34,92,10,0,9.24,89.45,92.99
2026-06-07,Unit 01,7062.51,5516.24,103,14,6,8.64,77.02,92.02
2026-06-07,Unit 02,6581.49,4444.79,101,10,7,9.16,85.36,80.82
2026-06-07,Unit 03,4326.28,2705.52,77,15,2,10.9,70.51,77.41
2026-06-07,Unit 04,4429.46,2903.64,75,12,1,19.41,70.31,81.56
2026-06-07,Unit 05,4515.77,3354.72,105,15,10,17.05,82.38,76.15
2026-06-07,Unit 06,9203.63,6702.18,142,16,1,14.64,78.63,76.26
2026-06-07,Unit 07,4604.06,3485.83,66,8,3,14.37,76.68,77.19
2026-06-08,Unit 01,5009.64,3211.29,63,14,3,19.56,71.77,98.01
2026-06-08,Unit 02,11759.96,8576.65,162,9,11,10.84,81.64,77.58
2026-06-08,Unit 03,6089.54,3660.89,101,13,3,23.88,81.06,85.27
2026-06-08,Unit 04,3459.54,2204.8,87,11,0,14.84,78.85,84.34
2026-06-08,Unit 05,3341.42,2573.14,88,15,10,18.61,71.23,96.25
2026-06-08,Unit 06,6814.87,4667.41,98,14,1,20.11,92.16,97.13
2026-06-08,Unit 07,3753.32,2160.34,81,17,5,24.68,89.5,91.27
2026-06-09,Unit 01,4374.77,3305.85,102,10,11,13.41,93.84,86.57
2026-06-09,Unit 02,3867.81,2738.25,62,13,6,16.69,90.77,87.08
2026-06-09,Unit 03,3199.96,2415.69,89,8,1,13.25,90.66,93.17
2026-06-09,Unit 04,2638.76,1718.15,70,17,4,11.43,80.52,90.41
2026-06-09,Unit 05,12039.72,9835.35,178,11,7,20.57,79.2,81.68
2026-06-09,Unit 06,8899.39,5891.59,126,8,4,20.76,76.41,92.59
2026-06-09,Unit 07,4027.82,2274.11,91,13,10,24.8,92.44,91.71
2026-06-10,Unit 01,10175.23,7029.02,137,11,2,15.52,70.17,95.88
2026-06-10,Unit 02,3136.96,2565.55,84,9,3,10.13,74.86,88.17
2026-06-10,Unit 03,5205.07,3461.81,90,11,7,13.29,90.21,80.88
2026-06-10,Unit 04,6329.9,3969.13,137,10,7,24.45,75.64,95.7
2026-06-10,Unit 05,5445.69,3523.84,70,15,6,10.85,82.36,87.13
2026-06-10,Unit 06,6596.28,5326.59,157,14,7,8.34,80.68,95.5
2026-06-10,Unit 07,8047.65,5627.48,136,12,2,12.37,82.98,85.89
2026-06-11,Unit 01,8157.52,4645.08,131,14,2,20.15,75.48,96.99
2026-06-11,Unit 02,4500.24,3362.58,61,8,5,16.35,95.92,97.57
2026-06-11,Unit 03,6216.25,4494.86,109,13,9,9.21,94.78,98.82
2026-06-11,Unit 04,8387.1,4980.57,109,9,6,24.27,91.6,93.04
2026-06-11,Unit 05,8363.85,6034.05,125,13,5,19.84,88.23,97.24
2026-06-11,Unit 06,5141.29,4106.84,91,11,5,18.73,88.94,91.74
2026-06-11,Unit 07,5788.75,4659.66,93,10,2,12.32,86.86,97.84
2026-06-12,Unit 01,2455.43,1411.68,61,10,11,23.59,81.13,89.07
2026-06-12,Unit 02,9569.41,7526.55,126,9,2,22.11,77.08,82.25
2026-06-12,Unit 03,10785.5,7638.74,144,16,11,15.0,94.54,92.46
2026-06-12,Unit 04,4644.85,3528.72,73,9,5,21.84,77.53,80.03
2026-06-12,Unit 05,7280.81,5944.76,149,14,7,8.03,71.96,91.71
2026-06-12,Unit 06,7283.24,5447.29,113,16,2,11.0,75.22,78.22
2026-06-12,Unit 07,4782.26,2772.59,83,15,9,21.84,75.2,76.42
2026-06-13,Unit 01,11273.47,6989.84,163,10,6,15.49,95.56,77.62
2026-06-13,Unit 02,3373.35,2199.38,70,10,4,9.09,70.83,80.63
2026-06-13,Unit 03,10106.71,5584.63,146,15,4,20.78,70.2,88.98
2026-06-13,Unit 04,3203.86,2447.05,72,8,6,18.25,97.63,93.27
2026-06-13,Unit 05,8287.32,5910.36,120,15,5,14.3,94.92,98.99
2026-06-13,Unit 06,6882.42,4488.56,106,11,0,24.58,94.45,94.35
2026-06-13,Unit 07,8752.58,5763.47,118,8,2,8.44,73.44,87.74
2026-06-14,Unit 01,5920.99,4353.52,107,11,7,16.75,88.49,75.08
2026-06-14,Unit 02,3938.24,3094.78,62,13,11,13.53,82.44,89.56
2026-06-14,Unit 03,9635.26,5511.08,154,14,6,23.96,96.36,86.43
2026-06-14,Unit 04,8004.75,5714.89,153,9,11,10.43,84.56,88.73
2026-06-14,Unit 05,2608.24,1995.67,64,16,4,22.15,97.9,98.69
2026-06-14,Unit 06,6102.41,4929.92,81,15,7,19.26,76.75,80.08
2026-06-14,Unit 07,3983.62,2960.86,73,9,2,23.79,79.14,84.2
2026-06-15,Unit 01,5927.93,4326.22,88,12,10,10.09,73.8,87.83
2026-06-15,Unit 02,5026.75,3216.4,71,15,3,23.84,91.46,89.42
2026-06-15,Unit 03,8203.41,6157.49,108,13,11,14.49,87.98,88.49
2026-06-15,Unit 04,7416.75,4598.05,163,14,4,9.49,72.5,92.77
2026-06-15,Unit 05,11995.5,8452.83,155,11,2,22.51,96.71,88.85
2026-06-15,Unit 06,3740.7,2598.34,99,8,6,24.66,78.95,83.76
2026-06-15,Unit 07,8173.42,5799.12,126,10,1,14.72,85.07,86.05
2026-06-16,Unit 01,12698.53,9854.67,164,10,7,19.56,74.13,81.8
2026-06-16,Unit 02,6719.25,4607.0,136,8,11,10.1,97.91,91.96
2026-06-16,Unit 03,10120.73,6919.11,140,15,11,24.43,71.65,94.45
2026-06-16,Unit 04,11096.99,8644.32,165,10,3,19.91,71.47,95.77
2026-06-16,Unit 05,9622.47,6310.3,169,10,10,23.51,74.46,75.52
2026-06-16,Unit 06,5563.0,3770.73,103,14,5,20.88,80.95,87.67
2026-06-16,Unit 07,6368.35,3838.04,96,12,8,14.69,73.67,93.05
2026-06-17,Unit 01,12108.8,9438.19,170,17,11,13.17,88.33,88.85
2026-06-17,Unit 02,8449.77,6694.32,149,15,3,11.71,90.95,92.65
2026-06-17,Unit 03,7172.82,5059.95,106,8,10,21.35,94.04,84.04
2026-06-17,Unit 04,10639.71,8511.94,146,14,1,14.04,83.27,97.68
2026-06-17,Unit 05,8031.8,5704.31,125,9,2,18.66,81.31,75.82
2026-06-17,Unit 06,6268.7,4612.23,110,11,2,19.1,80.51,91.6
2026-06-17,Unit 07,8882.59,6847.7,159,9,6,12.68,88.29,83.82
2026-06-18,Unit 01,2865.18,1954.31,74,9,10,23.44,76.3,89.08
2026-06-18,Unit 02,5725.43,4301.21,121,17,9,11.08,83.56,90.47
2026-06-18,Unit 03,5949.98,3432.24,98,14,1,20.13,94.14,87.9
2026-06-18,Unit 04,10911.48,7161.47,164,14,8,21.32,84.84,76.53
2026-06-18,Unit 05,8591.19,6557.82,128,17,1,20.81,75.81,90.81
2026-06-18,Unit 06,6124.58,4518.16,83,9,0,17.43,92.41,77.95
2026-06-18,Unit 07,5889.29,3495.45,133,10,8,12.36,91.09,77.03
2026-06-19,Unit 01,6006.06,4870.29,124,9,2,15.19,96.47,75.0
2026-06-19,Unit 02,5042.68,3480.71,65,12,4,19.21,82.46,88.85
2026-06-19,Unit 03,9574.14,7842.52,126,13,9,17.15,75.88,77.38
2026-06-19,Unit 04,3298.77,1940.5,90,8,3,24.28,86.86,80.18
2026-06-19,Unit 05,3874.3,2781.84,95,13,1,17.35,77.3,90.59
2026-06-19,Unit 06,6163.06,4961.75,111,10,10,15.23,89.45,87.86
2026-06-19,Unit 07,9515.85,7791.08,140,9,11,18.97,90.0,88.53
2026-06-20,Unit 01,5806.33,4481.46,137,16,5,24.87,82.14,75.62
2026-06-20,Unit 02,3502.46,2044.2,91,17,1,19.63,81.39,82.9
2026-06-20,Unit 03,8047.1,6116.43,106,9,2,22.77,76.32,75.24
2026-06-20,Unit 04,4579.38,2648.49,88,14,1,10.99,90.39,82.36
2026-06-20,Unit 05,4233.83,3129.32,72,15,4,17.38,87.01,96.52
2026-06-20,Unit 06,7759.3,5083.75,100,10,5,21.7,88.98,93.93
2026-06-20,Unit 07,10157.97,6691.22,136,16,9,10.17,70.27,87.33
2026-06-21,Unit 01,5858.87,3821.6,144,10,11,12.55,95.72,90.34
2026-06-21,Unit 02,10498.32,7696.5,150,13,6,20.02,75.13,98.67
2026-06-21,Unit 03,5940.45,4795.17,124,15,8,24.01,94.68,94.54
2026-06-21,Unit 04,10378.51,8363.14,141,12,6,21.1,93.67,90.23
2026-06-21,Unit 05,7007.65,4031.37,153,9,9,8.98,90.82,88.3
2026-06-21,Unit 06,12118.38,9813.28,163,15,6,19.51,96.11,78.27
2026-06-21,Unit 07,8228.81,6029.49,125,15,8,19.86,81.35,89.79
2026-06-22,Unit 01,8172.73,5674.06,151,8,5,12.15,90.69,97.82
2026-06-22,Unit 02,9174.82,6550.73,147,16,2,19.47,94.69,87.56
2026-06-22,Unit 03,3147.2,2444.24,82,11,8,14.01,71.43,86.89
2026-06-22,Unit 04,8414.24,5395.62,107,10,10,12.25,85.1,93.39
2026-06-22,Unit 05,4700.91,2958.08,97,9,3,8.04,87.67,84.45
2026-06-22,Unit 06,13704.22,9916.42,178,12,0,23.9,94.99,95.36
2026-06-22,Unit 07,3702.84,2496.81,105,8,4,14.02,70.14,96.36
2026-06-23,Unit 01,5655.89,3265.49,111,10,7,11.36,84.81,96.56
2026-06-23,Unit 02,5706.74,3149.36,75,14,10,12.25,83.18,83.98
2026-06-23,Unit 03,8566.95,5952.62,114,13,4,9.85,82.28,95.14
2026-06-23,Unit 04,3920.7,2615.77,77,10,5,23.02,89.86,77.66
2026-06-23,Unit 05,2666.01,1769.39,65,12,5,23.32,74.49,79.78
2026-06-23,Unit 06,11488.61,6687.22,145,15,7,17.35,92.39,92.14
2026-06-23,Unit 07,10826.04,8531.75,156,13,8,20.34,90.77,94.82
2026-06-24,Unit 01,5779.07,4415.4,74,10,2,10.64,84.0,93.42
2026-06-24,Unit 02,4324.58,2778.02,66,11,9,20.54,82.16,81.95
2026-06-24,Unit 03,4846.83,2989.97,70,15,2,20.4,75.23,81.75
2026-06-24,Unit 04,7966.01,5888.94,170,9,10,21.95,75.56,91.96
2026-06-24,Unit 05,10112.71,7230.56,149,9,3,24.87,86.55,90.23
2026-06-24,Unit 06,3071.5,1721.14,75,11,3,23.79,81.94,89.8
2026-06-24,Unit 07,6339.81,4184.08,170,9,4,19.9,97.44,80.32
2026-06-25,Unit 01,4569.05,3039.83,121,14,0,13.17,77.54,81.73
2026-06-25,Unit 02,8125.81,5170.92,151,13,0,11.09,70.02,90.85
2026-06-25,Unit 03,4162.02,2603.94,87,13,9,9.71,75.18,97.76
2026-06-25,Unit 04,4967.0,2861.78,102,13,0,19.61,91.57,78.13
2026-06-25,Unit 05,11003.54,8259.17,154,13,9,16.99,80.4,90.61
2026-06-25,Unit 06,7005.82,5531.39,134,11,2,18.7,86.85,75.98
2026-06-25,Unit 07,5603.62,4482.25,84,11,1,24.01,87.33,82.24
2026-06-26,Unit 01,6922.12,5154.27,157,15,0,10.17,81.71,92.08
2026-06-26,Unit 02,7828.19,5253.42,104,16,11,10.0,82.21,86.59
2026-06-26,Unit 03,13936.94,10641.4,179,16,2,18.19,89.51,78.09
2026-06-26,Unit 04,4981.11,4047.49,132,8,3,20.59,81.13,91.43
2026-06-26,Unit 05,2928.93,2204.6,69,16,6,17.56,80.93,89.57
2026-06-26,Unit 06,2918.45,2055.79,83,11,9,19.84,94.62,93.98
2026-06-26,Unit 07,8289.27,5734.26,124,15,4,22.49,78.3,81.44
2026-06-27,Unit 01,3651.22,2534.18,81,9,4,8.66,74.15,96.21
2026-06-27,Unit 02,6984.41,3938.58,94,10,3,24.82,75.88,77.79
2026-06-27,Unit 03,8712.51,5660.16,140,13,1,24.09,94.75,81.34
2026-06-27,Unit 04,8447.61,5318.8,112,10,0,18.64,70.29,83.53
2026-06-27,Unit 05,3814.59,2114.13,82,12,10,24.64,91.79,93.73
2026-06-27,Unit 06,10421.07,6806.36,152,9,10,12.37,87.53,89.5
2026-06-27,Unit 07,9003.32,5740.08,164,11,3,17.89,92.62,93.07
2026-06-28,Unit 01,5315.02,3965.52,117,10,5,10.52,83.41,86.9
2026-06-28,Unit 02,5951.26,3556.17,83,15,9,16.34,90.43,90.54
2026-06-28,Unit 03,4190.8,2506.05,99,8,6,19.69,75.26,78.44
2026-06-28,Unit 04,5048.32,3655.91,91,14,6,9.7,84.75,92.44
2026-06-28,Unit 05,5409.84,3536.29,137,8,1,22.05,91.38,90.47
2026-06-28,Unit 06,3509.33,2009.34,76,8,2,23.96,86.79,94.02
2026-06-28,Unit 07,6405.43,4796.1,161,8,5,22.5,72.38,78.34
2026-06-29,Unit 01,9569.07,5684.5,174,17,5,16.14,76.83,88.04
2026-06-29,Unit 02,8324.76,4626.29,140,12,0,9.75,78.31,87.28
2026-06-29,Unit 03,2734.25,1669.43,78,14,3,15.26,74.13,90.73
2026-06-29,Unit 04,13196.16,8628.71,177,11,11,21.99,73.15,79.07
2026-06-29,Unit 05,3482.88,2814.44,88,9,5,9.3,79.34,83.65
2026-06-29,Unit 06,6429.41,3798.48,174,9,6,17.02,86.79,91.31
2026-06-29,Unit 07,11314.75,7144.38,174,10,4,13.92,72.91,96.99
2026-06-30,Unit 01,8402.8,6679.27,179,13,1,21.41,94.13,98.47
2026-06-30,Unit 02,4165.01,2793.09,100,10,7,21.85,73.17,85.26
2026-06-30,Unit 03,3047.47,2494.62,78,12,2,21.05,79.87,86.86
2026-06-30,Unit 04,11659.17,8306.82,148,15,10,13.67,92.46,90.69
2026-06-30,Unit 05,5868.53,4015.35,109,11,8,16.37,85.01,80.52
2026-06-30,Unit 06,9000.97,6231.15,134,9,11,21.79,76.14,77.09
2026-06-30,Unit 07,2648.86,2065.21,60,13,5,17.49,96.81,97.1
